ticker,date,open,high,low,close
CVNA,2017-04-28,13.5,13.94,10.7,11.1
CVNA,2017-05-01,11.6,11.73,10.7,10.77
CVNA,2017-05-02,10.95,10.95,10.0,10.1
CVNA,2017-05-03,10.18,10.18,8.18,8.72
CVNA,2017-05-04,8.59,10.04,8.14,9.98
CVNA,2017-05-05,10.15,11.05,9.75,10.92
CVNA,2017-05-08,11.04,11.14,10.5,10.8
CVNA,2017-05-09,10.8,11.0899,10.4,10.55
CVNA,2017-05-10,10.56,10.74,9.61,10.74
CVNA,2017-05-11,10.62,11.35,10.4,11.0
CVNA,2017-05-12,11.03,11.47,10.6,11.35
CVNA,2017-05-15,11.45,11.7,11.3525,11.52
CVNA,2017-05-16,11.7,11.82,11.4872,11.76
CVNA,2017-05-17,11.68,11.87,10.91,11.66
CVNA,2017-05-18,11.5,11.88,11.24,11.52
CVNA,2017-05-19,11.62,11.7127,11.2611,11.4
CVNA,2017-05-22,12.39,12.39,10.99,11.08
CVNA,2017-05-23,11.63,11.74,10.31,10.81
CVNA,2017-05-24,11.07,11.59,10.83,10.91
CVNA,2017-05-25,11.05,11.08,10.58,10.65
CVNA,2017-05-26,10.73,10.8775,10.49,10.73
CVNA,2017-05-30,10.79,10.875,10.0,10.18
CVNA,2017-05-31,10.18,10.4348,9.39,10.05
CVNA,2017-06-01,10.04,10.3,9.03,9.33
CVNA,2017-06-02,9.33,9.6,9.26,9.53
CVNA,2017-06-05,9.57,9.72,8.845,9.0
CVNA,2017-06-06,9.24,9.81,9.0601,9.53
CVNA,2017-06-07,10.94,12.83,10.5,12.66
CVNA,2017-06-08,13.12,14.5,12.86,13.2
CVNA,2017-06-09,13.32,13.7,12.98,13.3
CVNA,2017-06-12,13.53,14.08,12.1301,14.0
CVNA,2017-06-13,14.33,15.49,14.06,15.11
CVNA,2017-06-14,15.39,16.8375,15.38,16.7
CVNA,2017-06-15,16.41,17.94,16.02,17.68
CVNA,2017-06-16,17.6,19.8,17.6,19.31
CVNA,2017-06-19,19.75,20.4299,18.81,19.54
CVNA,2017-06-20,19.66,19.78,18.37,18.91
CVNA,2017-06-21,19.14,20.0,19.14,19.53
CVNA,2017-06-22,19.7,22.8,19.38,21.14
CVNA,2017-06-23,21.72,21.72,19.82,21.43
CVNA,2017-06-26,21.5,23.7,21.329,23.39
CVNA,2017-06-27,23.59,23.59,21.75,22.17
CVNA,2017-06-28,22.07,22.2745,20.3601,20.66
CVNA,2017-06-29,20.73,21.15,20.27,20.6
CVNA,2017-06-30,20.66,20.8,20.2,20.47
CVNA,2017-07-03,20.42,20.46,18.9341,19.21
CVNA,2017-07-05,19.0,21.5,18.63,21.18
CVNA,2017-07-06,21.03,21.07,19.29,20.18
CVNA,2017-07-07,20.15,21.2,19.6,21.0
CVNA,2017-07-10,21.0,22.25,20.33,21.99
CVNA,2017-07-11,22.01,22.1,20.63,21.56
CVNA,2017-07-12,21.66,22.67,21.66,22.4
CVNA,2017-07-13,22.35,23.52,22.04,22.98
CVNA,2017-07-14,22.98,23.1304,22.55,22.93
CVNA,2017-07-17,23.21,23.3612,21.64,21.8
CVNA,2017-07-18,21.62,21.92,21.0901,21.53
CVNA,2017-07-19,21.55,22.4,21.3,22.26
CVNA,2017-07-20,22.42,22.42,21.5,21.6
CVNA,2017-07-21,21.66,22.1,21.232,21.4
CVNA,2017-07-24,21.44,21.75,20.03,21.62
CVNA,2017-07-25,21.42,21.48,20.6,20.87
CVNA,2017-07-26,20.78,21.38,20.55,21.35
CVNA,2017-07-27,21.19,21.6206,20.8061,20.99
CVNA,2017-07-28,20.6,21.24,20.39,20.41
CVNA,2017-07-31,20.25,20.25,18.95,19.52
CVNA,2017-08-01,19.44,19.6366,18.66,18.71
CVNA,2017-08-02,18.65,19.53,18.53,19.06
CVNA,2017-08-03,19.06,19.159,16.88,17.41
CVNA,2017-08-04,17.205,18.03,16.2,18.02
CVNA,2017-08-07,18.03,19.0,17.76,18.57
CVNA,2017-08-08,18.75,19.85,18.56,19.23
CVNA,2017-08-09,18.31,18.98,16.5,18.09
CVNA,2017-08-10,17.9,17.9699,16.7001,17.21
CVNA,2017-08-11,16.53,17.65,16.25,16.33
CVNA,2017-08-14,16.37,16.6,14.8,15.37
CVNA,2017-08-15,15.31,15.54,14.38,14.79
CVNA,2017-08-16,14.72,15.87,14.6056,15.15
CVNA,2017-08-17,14.91,15.43,14.8,15.18
CVNA,2017-08-18,14.98,15.2,13.82,14.21
CVNA,2017-08-21,13.88,14.73,13.44,14.62
CVNA,2017-08-22,14.45,15.5999,14.26,15.51
CVNA,2017-08-23,15.38,18.04,15.25,15.94
CVNA,2017-08-24,16.08,16.5269,15.54,15.92
CVNA,2017-08-25,16.13,16.44,14.79,14.84
CVNA,2017-08-28,14.8,15.59,14.6,15.5
CVNA,2017-08-29,15.38,15.83,14.9,15.74
CVNA,2017-08-30,15.85,17.94,15.55,17.53
CVNA,2017-08-31,17.82,19.19,17.66,17.85
CVNA,2017-09-01,17.89,17.89,16.34,17.34
CVNA,2017-09-05,17.22,17.38,16.12,16.74
CVNA,2017-09-06,16.85,17.9,16.64,17.87
CVNA,2017-09-07,18.25,18.87,18.19,18.75
CVNA,2017-09-08,18.73,19.15,17.66,18.4
CVNA,2017-09-11,18.49,18.7,17.75,18.43
CVNA,2017-09-12,18.34,19.36,18.14,18.52
CVNA,2017-09-13,18.49,19.05,17.91,18.05
CVNA,2017-09-14,18.0,18.4277,17.64,18.14
CVNA,2017-09-15,18.12,18.529,17.51,17.66
CVNA,2017-09-18,17.64,17.959,16.3,16.33
CVNA,2017-09-19,16.35,17.1745,16.1,16.69
CVNA,2017-09-20,16.74,17.74,16.51,17.59
CVNA,2017-09-21,17.41,17.8899,16.55,16.81
CVNA,2017-09-22,15.87,16.71,15.87,16.17
CVNA,2017-09-25,16.01,16.78,16.0,16.5
CVNA,2017-09-26,16.39,16.705,15.6,16.02
CVNA,2017-09-27,16.04,16.2496,15.36,15.5
CVNA,2017-09-28,15.5,15.715,14.55,14.9
CVNA,2017-09-29,14.91,15.125,14.14,14.68
CVNA,2017-10-02,14.89,15.88,14.66,15.65
CVNA,2017-10-03,15.75,15.99,15.32,15.43
CVNA,2017-10-04,15.45,15.63,14.6201,15.38
CVNA,2017-10-05,15.38,15.94,15.14,15.45
CVNA,2017-10-06,15.31,15.71,15.17,15.26
CVNA,2017-10-09,15.22,15.505,14.56,14.81
CVNA,2017-10-10,14.75,14.9,13.86,13.9
CVNA,2017-10-11,13.89,14.26,13.58,14.25
CVNA,2017-10-12,14.11,14.11,13.66,14.01
CVNA,2017-10-13,13.86,14.41,13.82,14.02
CVNA,2017-10-16,14.02,14.35,13.75,14.0
CVNA,2017-10-17,13.9,14.325,13.801,13.99
CVNA,2017-10-18,13.88,14.29,13.88,13.99
CVNA,2017-10-19,13.9,14.15,13.38,13.46
CVNA,2017-10-20,13.48,13.61,12.95,13.34
CVNA,2017-10-23,13.34,13.369,12.75,13.03
CVNA,2017-10-24,12.94,13.65,12.86,13.64
CVNA,2017-10-25,13.53,13.86,12.95,13.03
CVNA,2017-10-26,12.97,13.59,12.53,12.65
CVNA,2017-10-27,12.61,12.95,12.5,12.76
CVNA,2017-10-30,12.5101,12.785,12.17,12.5
CVNA,2017-10-31,12.43,14.59,12.43,14.18
CVNA,2017-11-01,14.39,14.46,13.53,14.01
CVNA,2017-11-02,14.0,14.28,13.79,14.0
CVNA,2017-11-03,14.04,14.25,13.87,14.06
CVNA,2017-11-06,14.06,16.46,14.06,16.36
CVNA,2017-11-07,16.42,16.47,14.78,15.15
CVNA,2017-11-08,12.9,15.06,12.87,14.66
CVNA,2017-11-09,14.58,14.62,13.75,13.86
CVNA,2017-11-10,13.6,14.3,13.58,14.19
CVNA,2017-11-13,14.13,15.3,13.9101,15.03
CVNA,2017-11-14,15.01,15.57,14.62,15.13
CVNA,2017-11-15,14.98,15.17,14.69,14.95
CVNA,2017-11-16,15.08,15.47,14.93,15.4
CVNA,2017-11-17,15.4,15.76,15.27,15.5
CVNA,2017-11-20,15.66,15.71,14.632,14.94
CVNA,2017-11-21,15.04,15.56,14.2668,14.67
CVNA,2017-11-22,14.69,15.46,14.525,15.32
CVNA,2017-11-24,15.52,15.56,15.2,15.43
CVNA,2017-11-27,15.4,15.849,15.4,15.74
CVNA,2017-11-28,15.51,16.69,15.43,16.54
CVNA,2017-11-29,16.58,17.06,15.36,15.59
CVNA,2017-11-30,15.76,16.74,15.62,16.21
CVNA,2017-12-01,16.1,18.72,16.02,17.91
CVNA,2017-12-04,18.62,20.91,18.34,20.21
CVNA,2017-12-05,20.65,20.65,19.01,20.43
CVNA,2017-12-06,20.33,21.47,20.26,20.55
CVNA,2017-12-07,20.5,22.5399,20.49,22.02
CVNA,2017-12-08,20.81,21.81,20.0,21.24
CVNA,2017-12-11,21.37,21.37,20.37,20.67
CVNA,2017-12-12,20.75,21.66,20.67,21.3
CVNA,2017-12-13,21.25,23.45,20.96,22.08
CVNA,2017-12-14,22.02,23.67,22.02,23.24
CVNA,2017-12-15,23.51,24.89,21.5,21.87
CVNA,2017-12-18,22.35,22.58,21.09,21.53
CVNA,2017-12-19,21.61,21.86,20.1,20.28
CVNA,2017-12-20,20.24,21.39,20.07,20.99
CVNA,2017-12-21,21.01,21.54,21.01,21.23
CVNA,2017-12-22,21.25,21.44,21.04,21.25
CVNA,2017-12-26,21.25,21.71,20.8854,21.23
CVNA,2017-12-27,21.14,21.2,20.0778,20.28
CVNA,2017-12-28,20.15,20.25,19.46,19.63
CVNA,2017-12-29,19.43,19.9,19.08,19.12
CVNA,2018-01-02,19.16,19.3,18.22,18.31
CVNA,2018-01-03,18.17,18.4,17.745,18.37
CVNA,2018-01-04,18.24,18.935,17.82,18.75
CVNA,2018-01-05,18.84,19.92,18.79,19.71
CVNA,2018-01-08,19.7,20.4,19.23,20.05
CVNA,2018-01-09,20.13,20.22,19.9,20.17
CVNA,2018-01-10,19.96,21.06,19.74,21.04
CVNA,2018-01-11,21.15,21.82,20.12,20.57
CVNA,2018-01-12,20.57,21.0,20.49,20.95
CVNA,2018-01-16,20.95,21.64,20.325,20.51
CVNA,2018-01-17,20.65,21.05,20.155,20.38
CVNA,2018-01-18,20.32,20.44,19.76,20.24
CVNA,2018-01-19,20.18,20.965,20.145,20.86
CVNA,2018-01-22,20.85,21.35,20.19,20.35
CVNA,2018-01-23,20.24,21.0899,20.08,21.02
CVNA,2018-01-24,21.1,21.3576,20.24,20.75
CVNA,2018-01-25,20.89,20.89,20.16,20.34
CVNA,2018-01-26,20.35,20.52,19.57,19.74
CVNA,2018-01-29,19.52,19.52,18.61,18.81
CVNA,2018-01-30,18.73,19.1,18.51,19.0
CVNA,2018-01-31,19.15,19.68,18.97,19.09
CVNA,2018-02-01,19.0,19.07,18.2801,18.49
CVNA,2018-02-02,18.3,18.6764,18.041,18.3
CVNA,2018-02-05,18.1,18.39,17.52,17.57
CVNA,2018-02-06,17.14,18.51,16.86,18.48
CVNA,2018-02-07,18.35,19.59,18.231,18.49
CVNA,2018-02-08,18.56,18.95,17.64,17.66
CVNA,2018-02-09,17.84,18.17,16.58,18.1
CVNA,2018-02-12,18.21,19.74,17.84,19.64
CVNA,2018-02-13,19.6,20.87,19.3463,20.46
CVNA,2018-02-14,20.39,21.48,19.88,20.9
CVNA,2018-02-15,21.07,23.09,20.8,21.86
CVNA,2018-02-16,21.94,22.18,20.64,21.42
CVNA,2018-02-20,21.48,21.78,21.48,21.48
CVNA,2018-02-21,21.37,21.6,20.08,20.63
CVNA,2018-02-22,20.63,20.98,20.45,20.98
CVNA,2018-02-23,21.0,21.6786,20.895,21.38
CVNA,2018-02-26,21.57,22.62,21.512,21.88
CVNA,2018-02-27,21.86,22.1,20.6,20.72
CVNA,2018-02-28,20.88,21.19,19.98,20.04
CVNA,2018-03-01,20.17,20.2754,19.0,19.13
CVNA,2018-03-02,19.02,19.2575,18.58,18.73
CVNA,2018-03-05,18.54,18.865,17.91,18.63
CVNA,2018-03-06,18.81,18.92,18.01,18.68
CVNA,2018-03-07,16.249,18.37,16.02,17.46
CVNA,2018-03-08,17.66,17.66,16.51,17.01
CVNA,2018-03-09,18.24,18.62,17.89,18.03
CVNA,2018-03-12,18.05,18.97,18.0368,18.49
CVNA,2018-03-13,18.62,18.9,18.29,18.87
CVNA,2018-03-14,18.9,21.96,18.9,21.24
CVNA,2018-03-15,21.24,21.33,19.85,20.02
CVNA,2018-03-16,20.16,21.325,20.12,20.98
CVNA,2018-03-19,20.9,20.99,19.2,20.37
CVNA,2018-03-20,20.07,20.48,19.61,20.26
CVNA,2018-03-21,20.22,21.74,20.07,20.85
CVNA,2018-03-22,20.57,21.48,20.451,20.93
CVNA,2018-03-23,21.05,21.559,20.645,20.96
CVNA,2018-03-26,21.27,22.44,21.01,22.33
CVNA,2018-03-27,22.41,23.2,21.72,22.27
CVNA,2018-03-28,22.25,22.78,21.89,22.61
CVNA,2018-03-29,22.74,23.5,22.68,22.93
CVNA,2018-04-02,22.89,23.48,21.764,22.59
CVNA,2018-04-03,22.79,22.91,22.365,22.71
CVNA,2018-04-04,22.33,22.71,21.8,22.38
CVNA,2018-04-05,22.62,23.48,22.29,23.32
CVNA,2018-04-06,23.02,23.588,22.47,22.91
CVNA,2018-04-09,23.13,25.2248,23.05,23.74
CVNA,2018-04-10,24.05,24.58,23.3094,23.98
CVNA,2018-04-11,23.9,24.1596,22.31,22.68
CVNA,2018-04-12,22.76,23.74,22.644,23.22
CVNA,2018-04-13,23.42,23.83,23.01,23.4
CVNA,2018-04-16,23.74,27.17,23.44,27.03
CVNA,2018-04-17,27.26,31.18,27.26,30.1
CVNA,2018-04-18,30.34,31.35,29.1,29.78
CVNA,2018-04-19,29.55,30.83,29.501,29.69
CVNA,2018-04-20,29.76,30.12,29.0,29.37
CVNA,2018-04-23,29.53,30.8625,29.401,29.96
CVNA,2018-04-24,28.12,29.62,27.82,28.08
CVNA,2018-04-25,27.85,29.5,27.7,29.26
CVNA,2018-04-26,27.05,28.0,26.76,27.48
CVNA,2018-04-27,27.62,27.958,27.13,27.45
CVNA,2018-04-30,27.72,27.7368,25.95,26.21
CVNA,2018-05-01,26.28,27.25,25.72,26.99
CVNA,2018-05-02,27.08,27.38,26.23,26.7
CVNA,2018-05-03,26.55,27.48,25.95,26.18
CVNA,2018-05-04,26.21,26.7766,25.35,25.47
CVNA,2018-05-07,25.5,25.82,24.76,25.24
CVNA,2018-05-08,25.0,25.76,24.87,24.97
CVNA,2018-05-09,24.91,25.26,24.0301,24.76
CVNA,2018-05-10,29.0,29.0,26.75,26.78
CVNA,2018-05-11,26.85,27.85,26.09,27.5
CVNA,2018-05-14,27.69,28.5,27.15,27.18
CVNA,2018-05-15,27.07,27.07,25.0501,26.47
CVNA,2018-05-16,26.3,27.72,26.12,26.77
CVNA,2018-05-17,26.63,27.22,26.15,26.78
CVNA,2018-05-18,26.72,27.42,26.41,26.76
CVNA,2018-05-21,27.0,27.299,26.28,26.72
CVNA,2018-05-22,26.95,27.1699,26.52,26.71
CVNA,2018-05-23,26.54,27.64,26.12,26.18
CVNA,2018-05-24,26.18,26.5,25.0,25.76
CVNA,2018-05-25,25.82,26.42,25.0,25.1
CVNA,2018-05-29,24.98,27.64,24.3617,27.11
CVNA,2018-05-30,27.42,28.6665,26.849,28.31
CVNA,2018-05-31,28.72,29.22,28.19,28.85
CVNA,2018-06-01,28.89,29.74,27.51,28.17
CVNA,2018-06-04,28.16,29.77,28.055,29.73
CVNA,2018-06-05,29.67,31.94,29.15,31.06
CVNA,2018-06-06,31.16,33.2899,31.1,32.91
CVNA,2018-06-07,32.93,35.4299,32.92,35.35
CVNA,2018-06-08,35.0,36.55,34.26,36.04
CVNA,2018-06-11,36.18,37.19,35.94,36.76
CVNA,2018-06-12,37.15,39.48,36.9213,38.93
CVNA,2018-06-13,38.93,39.48,35.88,37.09
CVNA,2018-06-14,37.37,41.13,37.3227,40.39
CVNA,2018-06-15,40.0,44.12,39.66,42.82
CVNA,2018-06-18,42.32,45.21,41.31,43.19
CVNA,2018-06-19,42.39,44.31,42.1,43.68
CVNA,2018-06-20,44.34,44.34,38.71,38.72
CVNA,2018-06-21,39.0,39.84,36.5,37.93
CVNA,2018-06-22,38.45,41.13,38.32,40.36
CVNA,2018-06-25,40.0,40.2762,38.0,39.68
CVNA,2018-06-26,39.85,40.77,39.23,40.5
CVNA,2018-06-27,40.59,43.85,40.55,41.47
CVNA,2018-06-28,41.11,42.3867,40.73,41.79
CVNA,2018-06-29,42.16,43.33,41.28,41.6
CVNA,2018-07-02,41.26,42.81,39.81,42.65
CVNA,2018-07-03,42.64,43.17,41.345,41.73
CVNA,2018-07-05,42.09,45.5,41.44,44.98
CVNA,2018-07-06,44.9,47.36,44.9,47.17
CVNA,2018-07-09,48.74,49.87,43.9,44.82
CVNA,2018-07-10,44.65,44.89,43.5,44.14
CVNA,2018-07-11,43.4,44.63,43.385,43.97
CVNA,2018-07-12,44.32,46.01,43.74,45.56
CVNA,2018-07-13,45.92,46.4152,43.8286,44.1
CVNA,2018-07-16,44.19,45.4,43.4525,45.17
CVNA,2018-07-17,45.13,46.04,44.3,45.9
CVNA,2018-07-18,45.44,47.08,44.53,46.83
CVNA,2018-07-19,46.58,48.0,45.09,45.34
CVNA,2018-07-20,45.25,46.32,44.12,44.19
CVNA,2018-07-23,44.0,44.4492,42.74,43.36
CVNA,2018-07-24,43.93,44.89,42.975,43.83
CVNA,2018-07-25,43.69,45.71,43.311,45.5
CVNA,2018-07-26,45.08,45.77,44.9,45.34
CVNA,2018-07-27,45.11,45.19,43.51,44.21
CVNA,2018-07-30,44.12,44.12,40.13,41.12
CVNA,2018-07-31,41.17,43.39,40.2,43.0
CVNA,2018-08-01,42.7,44.15,42.46,43.74
CVNA,2018-08-02,43.83,44.42,43.1,43.42
CVNA,2018-08-03,43.75,45.88,43.25,45.08
CVNA,2018-08-06,45.25,47.47,44.77,46.9
CVNA,2018-08-07,47.32,47.6,46.14,47.15
CVNA,2018-08-08,47.12,49.2,46.63,47.06
CVNA,2018-08-09,53.23,56.1,48.7,51.11
CVNA,2018-08-10,50.81,55.9431,50.3666,54.06
CVNA,2018-08-13,54.06,55.39,53.2966,53.64
CVNA,2018-08-14,53.85,55.96,53.3,54.8
CVNA,2018-08-15,53.93,54.61,52.4,53.34
CVNA,2018-08-16,53.98,54.62,52.91,54.38
CVNA,2018-08-17,54.67,55.5,53.35,55.42
CVNA,2018-08-20,55.86,58.73,55.79,58.53
CVNA,2018-08-21,58.85,60.45,57.78,58.38
CVNA,2018-08-22,58.0,59.19,57.06,57.97
CVNA,2018-08-23,58.09,59.05,56.08,57.64
CVNA,2018-08-24,57.68,60.8593,57.68,60.08
CVNA,2018-08-27,60.3,62.89,60.24,62.39
CVNA,2018-08-28,63.0,63.4325,62.04,63.02
CVNA,2018-08-29,63.14,63.75,61.5,63.04
CVNA,2018-08-30,62.86,63.88,61.85,62.09
CVNA,2018-08-31,61.84,64.8,61.5,64.74
CVNA,2018-09-04,64.96,67.54,63.561,67.34
CVNA,2018-09-05,66.86,67.9801,60.58,62.15
CVNA,2018-09-06,62.63,63.5,58.01,58.96
CVNA,2018-09-07,58.26,63.34,57.24,61.5
CVNA,2018-09-10,62.26,68.34,61.891,68.28
CVNA,2018-09-11,68.69,71.24,65.92,70.82
CVNA,2018-09-12,70.47,72.59,67.0,67.43
CVNA,2018-09-13,66.29,66.72,59.7,64.01
CVNA,2018-09-14,62.49,63.84,61.36,63.43
CVNA,2018-09-17,63.49,63.49,58.57,60.27
CVNA,2018-09-18,60.12,62.39,58.551,59.27
CVNA,2018-09-19,60.0,60.91,58.5296,58.95
CVNA,2018-09-20,59.0,61.749,58.5669,60.05
CVNA,2018-09-21,60.0,60.49,58.58,60.01
CVNA,2018-09-24,59.5,59.6,56.87,59.54
CVNA,2018-09-25,59.72,60.96,58.86,59.33
CVNA,2018-09-26,59.52,63.95,59.52,61.15
CVNA,2018-09-27,61.57,61.98,59.0,60.0
CVNA,2018-09-28,59.73,60.85,58.76,59.09
CVNA,2018-10-01,59.81,60.49,57.1,57.47
CVNA,2018-10-02,58.23,59.75,52.37,54.46
CVNA,2018-10-03,54.46,55.48,52.93,54.55
CVNA,2018-10-04,54.49,55.01,51.55,53.31
CVNA,2018-10-05,52.64,54.42,51.13,53.87
CVNA,2018-10-08,53.22,53.68,50.7801,52.66
CVNA,2018-10-09,52.35,54.79,49.58,51.24
CVNA,2018-10-10,51.24,51.24,46.385,46.57
CVNA,2018-10-11,46.0,47.76,43.85,43.9
CVNA,2018-10-12,45.43,48.35,45.03,46.9
CVNA,2018-10-15,46.58,46.58,42.71,43.65
CVNA,2018-10-16,43.99,45.88,43.49,45.65
CVNA,2018-10-17,45.46,45.5522,43.745,44.83
CVNA,2018-10-18,44.72,44.72,40.64,42.76
CVNA,2018-10-19,43.0,44.115,40.05,40.17
CVNA,2018-10-22,40.48,42.08,40.48,41.59
CVNA,2018-10-23,40.51,42.55,39.1158,41.63
CVNA,2018-10-24,41.88,42.45,38.12,38.54
CVNA,2018-10-25,38.92,41.27,38.92,40.46
CVNA,2018-10-26,39.22,40.39,38.25,38.72
CVNA,2018-10-29,39.33,40.43,37.01,37.75
CVNA,2018-10-30,36.81,39.11,35.01,37.68
CVNA,2018-10-31,39.11,39.96,38.37,38.75
CVNA,2018-11-01,39.2,45.02,39.1685,44.39
CVNA,2018-11-02,44.55,46.76,43.98,46.33
CVNA,2018-11-05,46.16,46.69,43.26,46.44
CVNA,2018-11-06,46.25,46.25,44.335,45.05
CVNA,2018-11-07,45.77,46.57,42.81,46.17
CVNA,2018-11-08,54.89,54.98,49.24,51.47
CVNA,2018-11-09,49.94,50.9272,47.57,48.9
CVNA,2018-11-12,48.29,49.2,43.6212,44.01
CVNA,2018-11-13,44.95,46.15,43.0,45.53
CVNA,2018-11-14,45.99,48.19,44.97,45.25
CVNA,2018-11-15,45.67,48.6892,43.78,47.85
CVNA,2018-11-16,46.81,48.94,44.58,46.04
CVNA,2018-11-19,45.61,46.03,41.36,42.38
CVNA,2018-11-20,40.81,42.6609,39.805,41.22
CVNA,2018-11-21,41.77,43.86,41.0,41.68
CVNA,2018-11-23,41.46,44.29,41.33,42.66
CVNA,2018-11-26,43.34,45.38,42.45,45.07
CVNA,2018-11-27,45.72,47.62,45.16,46.03
CVNA,2018-11-28,46.46,47.6576,44.325,47.42
CVNA,2018-11-29,47.94,49.81,45.615,47.26
CVNA,2018-11-30,46.99,47.85,42.9,43.29
CVNA,2018-12-03,44.07,44.83,39.48,42.86
CVNA,2018-12-04,39.27,40.2399,37.94,38.4
CVNA,2018-12-06,36.71,38.58,36.31,38.58
CVNA,2018-12-07,38.79,39.04,34.28,35.71
CVNA,2018-12-10,35.17,36.39,33.4395,35.47
CVNA,2018-12-11,36.55,37.4,33.61,33.82
CVNA,2018-12-12,34.38,36.97,33.9877,35.76
CVNA,2018-12-13,35.84,36.92,33.44,33.54
CVNA,2018-12-14,33.0,33.855,31.82,32.15
CVNA,2018-12-17,31.41,34.14,30.65,32.77
CVNA,2018-12-18,33.23,34.955,32.95,34.75
CVNA,2018-12-19,34.7,35.84,32.06,32.56
CVNA,2018-12-20,33.24,33.9,29.5,31.4
CVNA,2018-12-21,31.09,31.36,28.44,29.84
CVNA,2018-12-24,29.59,32.31,28.93,30.81
CVNA,2018-12-26,30.82,34.1,30.3406,33.74
CVNA,2018-12-27,32.47,33.33,31.11,33.32
CVNA,2018-12-28,33.59,33.8218,31.53,31.79
CVNA,2018-12-31,32.3,33.65,31.72,32.71
CVNA,2019-01-02,31.68,33.34,30.76,32.26
CVNA,2019-01-03,31.75,31.86,28.77,30.19
CVNA,2019-01-04,31.22,32.26,30.39,30.78
CVNA,2019-01-07,31.06,34.84,30.8912,33.17
CVNA,2019-01-08,33.57,35.75,33.25,35.6
CVNA,2019-01-09,35.57,37.1199,34.6,34.97
CVNA,2019-01-10,34.5,34.5,32.58,34.15
CVNA,2019-01-11,34.02,36.965,33.6,36.8
CVNA,2019-01-14,34.55,35.5,33.59,35.5
CVNA,2019-01-15,35.05,35.78,34.04,35.56
CVNA,2019-01-16,35.94,37.4,35.1,35.37
CVNA,2019-01-17,35.21,36.44,34.78,35.81
CVNA,2019-01-18,36.22,37.27,36.16,36.91
CVNA,2019-01-22,36.66,36.98,34.38,35.65
CVNA,2019-01-23,35.87,37.14,35.495,37.04
CVNA,2019-01-24,37.23,39.07,37.13,38.4
CVNA,2019-01-25,38.66,40.58,38.4,39.8
CVNA,2019-01-28,39.3,39.95,38.3,39.71
CVNA,2019-01-29,39.41,39.65,37.0,37.06
CVNA,2019-01-30,37.26,38.12,36.6,37.31
CVNA,2019-01-31,37.31,38.75,36.9654,37.15
CVNA,2019-02-01,37.22,37.44,34.82,35.28
CVNA,2019-02-04,35.25,36.44,35.02,36.21
CVNA,2019-02-05,36.28,36.56,32.53,34.37
CVNA,2019-02-06,33.76,34.06,33.24,33.41
CVNA,2019-02-07,33.02,33.15,31.42,33.02
CVNA,2019-02-08,32.62,32.7548,31.56,32.18
CVNA,2019-02-11,32.31,32.7753,31.61,31.98
CVNA,2019-02-12,30.42,35.32,29.75,35.09
CVNA,2019-02-13,34.88,36.27,32.98,33.13
CVNA,2019-02-14,32.94,34.89,32.4206,34.3
CVNA,2019-02-15,34.16,35.81,34.16,35.35
CVNA,2019-02-19,35.43,37.91,35.43,36.73
CVNA,2019-02-20,37.0,38.0,35.82,36.14
CVNA,2019-02-21,36.2,36.53,34.31,34.77
CVNA,2019-02-22,34.73,38.09,34.73,38.0
CVNA,2019-02-25,38.24,39.73,37.837,38.49
CVNA,2019-02-26,38.39,40.67,38.1,40.5
CVNA,2019-02-27,40.19,43.4,39.14,41.82
CVNA,2019-02-28,45.07,45.96,41.16,44.86
CVNA,2019-03-01,45.09,45.5,43.4,43.62
CVNA,2019-03-04,43.57,44.36,40.91,42.07
CVNA,2019-03-05,42.69,48.54,42.01,47.98
CVNA,2019-03-06,47.94,51.47,47.4,50.6
CVNA,2019-03-07,50.01,52.6,48.63,49.48
CVNA,2019-03-08,48.73,50.52,48.27,49.6
CVNA,2019-03-11,49.86,53.46,49.86,52.14
CVNA,2019-03-12,53.05,56.39,51.52,53.1
CVNA,2019-03-13,53.69,58.48,53.37,55.97
CVNA,2019-03-14,55.18,56.22,54.61,55.8
CVNA,2019-03-15,55.78,56.95,55.28,56.68
CVNA,2019-03-18,56.83,58.61,54.53,56.86
CVNA,2019-03-19,57.62,59.0,57.3255,57.99
CVNA,2019-03-20,57.88,59.7777,56.77,57.97
CVNA,2019-03-21,58.0,58.95,57.1,57.99
CVNA,2019-03-22,58.27,58.27,54.41,55.62
CVNA,2019-03-25,55.37,57.25,54.81,56.34
CVNA,2019-03-26,57.5,59.6,57.08,57.99
CVNA,2019-03-27,58.0,59.095,56.63,58.15
CVNA,2019-03-28,58.5,59.0,56.46,57.85
CVNA,2019-03-29,57.89,58.59,57.41,58.06
CVNA,2019-04-01,58.74,59.92,57.64,58.94
CVNA,2019-04-02,58.94,63.66,58.21,62.82
CVNA,2019-04-03,61.5,63.66,60.01,62.0
CVNA,2019-04-04,62.06,63.0,59.035,59.94
CVNA,2019-04-05,60.13,61.05,57.9,60.51
CVNA,2019-04-08,60.32,60.61,58.05,58.8
CVNA,2019-04-09,58.26,60.91,58.2461,60.09
CVNA,2019-04-10,60.08,62.96,60.08,62.95
CVNA,2019-04-11,62.94,63.89,62.42,63.55
CVNA,2019-04-12,64.47,66.41,63.09,66.0
CVNA,2019-04-15,65.86,66.2364,62.34,64.38
CVNA,2019-04-16,64.07,65.7106,62.58,64.6
CVNA,2019-04-17,64.97,64.97,61.24,63.2
CVNA,2019-04-18,63.21,63.33,61.135,62.98
CVNA,2019-04-22,62.59,66.25,61.85,65.4
CVNA,2019-04-23,65.98,67.21,65.41,66.59
CVNA,2019-04-24,66.79,67.41,64.07,66.54
CVNA,2019-04-25,66.14,67.1339,65.015,66.04
CVNA,2019-04-26,66.66,70.0,66.15,69.58
CVNA,2019-04-29,70.0,70.79,68.5,70.37
CVNA,2019-04-30,70.54,73.6,69.5,71.56
CVNA,2019-05-01,71.72,72.04,69.25,70.69
CVNA,2019-05-02,70.73,71.3,68.4478,70.44
CVNA,2019-05-03,70.5,72.47,70.3064,72.18
CVNA,2019-05-06,69.96,72.75,69.6,72.04
CVNA,2019-05-07,72.0,74.165,70.24,71.04
CVNA,2019-05-08,70.62,73.87,70.5,71.65
CVNA,2019-05-09,72.1,76.85,67.14,75.23
CVNA,2019-05-10,74.41,74.5,64.76,66.76
CVNA,2019-05-13,64.65,65.61,60.95,62.24
CVNA,2019-05-14,62.55,66.1,61.33,65.68
CVNA,2019-05-15,64.78,65.84,63.0,65.48
CVNA,2019-05-16,66.04,69.7,66.04,69.34
CVNA,2019-05-17,67.94,69.14,66.325,68.13
CVNA,2019-05-20,67.56,67.91,65.5091,67.18
CVNA,2019-05-21,65.25,69.49,65.25,67.03
CVNA,2019-05-22,65.43,66.24,64.8,65.11
CVNA,2019-05-23,64.7,65.35,62.27,63.28
CVNA,2019-05-24,63.4,64.2094,58.52,59.39
CVNA,2019-05-28,59.23,61.185,59.23,60.14
CVNA,2019-05-29,59.57,59.57,56.48,57.96
CVNA,2019-05-30,58.33,59.46,58.17,58.75
CVNA,2019-05-31,57.69,59.4,56.58,57.88
CVNA,2019-06-03,57.5,59.0,55.88,58.32
CVNA,2019-06-04,59.55,61.34,59.18,61.3
CVNA,2019-06-05,62.1,62.1,57.96,59.67
CVNA,2019-06-06,59.47,60.18,56.79,60.1
CVNA,2019-06-07,61.0,64.82,60.935,63.2
CVNA,2019-06-10,63.58,64.18,61.25,61.34
CVNA,2019-06-11,62.12,62.9,60.07,61.28
CVNA,2019-06-12,61.14,61.94,60.5,61.25
CVNA,2019-06-13,61.79,62.99,61.445,61.78
CVNA,2019-06-14,61.78,62.285,59.45,59.98
CVNA,2019-06-17,60.0,64.65,59.9,63.64
CVNA,2019-06-18,64.74,69.2489,64.74,65.97
CVNA,2019-06-19,65.55,66.2723,60.72,63.5
CVNA,2019-06-20,65.0,67.62,64.21,66.9
CVNA,2019-06-21,66.91,67.54,66.0585,67.05
CVNA,2019-06-24,66.74,67.195,61.45,61.48
CVNA,2019-06-25,62.52,63.39,59.37,60.31
CVNA,2019-06-26,60.94,61.67,58.9,59.07
CVNA,2019-06-27,59.46,62.28,59.46,61.98
CVNA,2019-06-28,61.99,63.47,61.6,62.59
CVNA,2019-07-01,63.74,65.9,62.175,65.61
CVNA,2019-07-02,66.33,67.2231,64.18,64.7
CVNA,2019-07-03,64.74,65.1093,63.07,64.17
CVNA,2019-07-05,63.65,66.07,63.3761,65.79
CVNA,2019-07-08,65.37,67.18,65.0196,66.61
CVNA,2019-07-09,66.41,67.83,65.34,66.12
CVNA,2019-07-10,66.98,68.12,66.7759,67.65
CVNA,2019-07-11,67.44,67.65,64.02,64.59
CVNA,2019-07-12,64.6,68.08,64.6,67.31
CVNA,2019-07-15,67.3,67.78,65.45,65.9
CVNA,2019-07-16,65.73,66.5,61.09,62.01
CVNA,2019-07-17,62.12,62.6,60.45,60.92
CVNA,2019-07-18,59.64,60.45,58.7562,59.64
CVNA,2019-07-19,59.64,60.63,57.81,57.91
CVNA,2019-07-22,58.24,59.35,57.4025,58.45
CVNA,2019-07-23,58.84,62.71,58.84,62.63
CVNA,2019-07-24,62.45,65.65,62.3,65.16
CVNA,2019-07-25,64.73,65.87,64.1,65.63
CVNA,2019-07-26,65.95,67.79,63.21,66.45
CVNA,2019-07-29,65.98,66.305,63.53,65.54
CVNA,2019-07-30,64.73,64.785,61.9,62.34
CVNA,2019-07-31,62.31,64.75,62.02,63.56
CVNA,2019-08-01,63.46,65.65,62.32,62.81
CVNA,2019-08-02,62.41,62.79,59.92,62.39
CVNA,2019-08-05,60.16,61.46,59.305,60.97
CVNA,2019-08-06,61.83,62.97,57.89,59.78
CVNA,2019-08-07,59.11,59.3,57.2,57.91
CVNA,2019-08-08,71.19,73.5,67.67,72.47
CVNA,2019-08-09,71.87,79.25,71.76,78.1
CVNA,2019-08-12,77.26,79.95,76.49,78.41
CVNA,2019-08-13,77.64,81.28,77.64,80.43
CVNA,2019-08-14,78.01,81.37,77.81,78.89
CVNA,2019-08-15,79.12,79.5336,77.56,78.92
CVNA,2019-08-16,79.62,80.69,78.94,79.45
CVNA,2019-08-19,80.5,80.66,74.76,77.15
CVNA,2019-08-20,76.71,77.24,75.03,76.62
CVNA,2019-08-21,77.43,83.77,77.26,83.09
CVNA,2019-08-22,83.13,83.38,79.6,79.92
CVNA,2019-08-23,79.7,81.84,78.16,78.6
CVNA,2019-08-26,79.95,81.2,77.35,80.94
CVNA,2019-08-27,82.07,84.598,79.74,80.15
CVNA,2019-08-28,80.25,82.75,78.635,81.96
CVNA,2019-08-29,82.99,83.54,81.41,82.46
CVNA,2019-08-30,83.11,83.11,79.37,81.16
CVNA,2019-09-03,79.96,82.8,78.5,79.62
CVNA,2019-09-04,80.79,83.44,80.4,81.78
CVNA,2019-09-05,82.51,85.03,82.51,84.61
CVNA,2019-09-06,84.61,84.92,83.39,83.61
CVNA,2019-09-09,84.15,85.07,81.3,83.0
CVNA,2019-09-10,82.36,82.44,76.13,77.51
CVNA,2019-09-11,77.6,79.04,76.19,77.97
CVNA,2019-09-12,79.54,81.51,78.45,80.41
CVNA,2019-09-13,79.92,81.38,78.65,80.28
CVNA,2019-09-16,79.56,81.86,77.94,81.53
CVNA,2019-09-17,81.38,82.15,79.64,80.86
CVNA,2019-09-18,81.25,81.55,72.76,77.41
CVNA,2019-09-19,77.36,78.9,75.41,76.56
CVNA,2019-09-20,76.81,78.1,74.77,75.51
CVNA,2019-09-23,75.02,75.9,73.54,74.64
CVNA,2019-09-24,74.72,74.85,69.61,70.46
CVNA,2019-09-25,69.97,71.0085,68.32,70.52
CVNA,2019-09-26,70.08,70.351,67.18,68.31
CVNA,2019-09-27,68.21,68.9252,64.8,66.08
CVNA,2019-09-30,65.78,66.27,63.4,66.0
CVNA,2019-10-01,66.1,68.13,65.0,67.04
CVNA,2019-10-02,66.08,66.08,63.11,64.22
CVNA,2019-10-03,64.21,67.52,63.45,67.28
CVNA,2019-10-04,67.75,68.28,65.43,67.81
CVNA,2019-10-07,67.28,67.72,65.97,66.13
CVNA,2019-10-08,65.01,67.46,64.45,66.39
CVNA,2019-10-09,67.5,69.95,66.88,69.14
CVNA,2019-10-10,69.27,69.59,68.12,69.26
CVNA,2019-10-11,70.65,73.75,70.43,72.26
CVNA,2019-10-14,72.26,74.55,71.7877,74.35
CVNA,2019-10-15,74.88,78.84,74.8,77.83
CVNA,2019-10-16,77.29,77.44,75.98,76.55
CVNA,2019-10-17,76.82,77.7634,75.93,77.11
CVNA,2019-10-18,76.8,77.57,73.51,73.85
CVNA,2019-10-21,74.72,77.43,74.72,77.26
CVNA,2019-10-22,77.57,79.3,75.62,75.8
CVNA,2019-10-23,75.5,77.17,74.63,76.96
CVNA,2019-10-24,77.52,79.64,77.52,78.52
CVNA,2019-10-25,78.06,80.37,78.03,79.23
CVNA,2019-10-28,79.85,84.0,79.85,82.77
CVNA,2019-10-29,82.76,85.97,82.65,84.69
CVNA,2019-10-30,84.62,84.69,81.36,82.48
CVNA,2019-10-31,82.36,82.52,80.23,81.08
CVNA,2019-11-01,82.33,84.19,81.86,82.73
CVNA,2019-11-04,82.87,83.65,81.5201,82.98
CVNA,2019-11-05,83.7,83.75,79.76,81.52
CVNA,2019-11-06,81.32,81.7193,78.5,79.08
CVNA,2019-11-07,74.13,78.18,70.86,73.12
CVNA,2019-11-08,73.01,78.23,72.3901,77.96
CVNA,2019-11-11,77.02,77.55,74.16,77.49
CVNA,2019-11-12,77.83,80.68,77.21,78.2
CVNA,2019-11-13,77.61,78.08,74.855,75.19
CVNA,2019-11-14,74.96,78.33,74.96,78.0
CVNA,2019-11-15,78.89,81.63,77.63,81.57
CVNA,2019-11-18,81.31,85.5961,80.52,84.83
CVNA,2019-11-19,84.53,88.53,84.4,88.34
CVNA,2019-11-20,88.5,90.23,87.05,88.98
CVNA,2019-11-21,89.72,90.1,88.66,89.19
CVNA,2019-11-22,89.2,91.095,88.91,89.78
CVNA,2019-11-25,90.31,91.6095,89.84,91.06
CVNA,2019-11-26,91.42,94.85,91.373,92.84
CVNA,2019-11-27,93.47,95.0,92.75,94.98
CVNA,2019-11-29,94.43,96.44,94.29,95.32
CVNA,2019-12-02,95.99,96.29,90.89,92.0
CVNA,2019-12-03,90.0,92.48,89.4,91.96
CVNA,2019-12-04,92.75,93.73,91.64,92.36
CVNA,2019-12-05,92.66,93.22,87.715,87.91
CVNA,2019-12-06,89.32,90.0,86.29,86.42
CVNA,2019-12-09,86.0,89.97,84.89,89.33
CVNA,2019-12-10,88.63,92.13,87.2,92.08
CVNA,2019-12-11,92.08,94.85,91.56,94.75
CVNA,2019-12-12,94.52,97.06,94.07,97.0
CVNA,2019-12-13,96.58,96.83,90.32,91.89
CVNA,2019-12-16,92.5,95.98,92.0,95.42
CVNA,2019-12-17,95.13,95.27,91.09,94.68
CVNA,2019-12-18,94.96,95.66,92.92,93.37
CVNA,2019-12-19,95.99,99.19,94.11,96.27
CVNA,2019-12-20,97.25,97.25,94.15,95.91
CVNA,2019-12-23,96.37,97.34,94.35,95.23
CVNA,2019-12-24,94.99,96.38,94.3996,96.38
CVNA,2019-12-26,96.86,98.66,96.12,98.44
CVNA,2019-12-27,98.67,98.67,96.5741,97.82
CVNA,2019-12-30,97.4,97.43,92.1,92.28
CVNA,2019-12-31,91.79,92.42,90.71,92.05
CVNA,2020-01-02,93.21,96.98,92.51,96.95
CVNA,2020-01-03,95.62,97.13,92.335,92.75
CVNA,2020-01-06,91.44,93.13,90.88,92.34
CVNA,2020-01-07,93.02,93.02,90.77,90.91
CVNA,2020-01-08,90.75,91.1577,88.44,89.13
CVNA,2020-01-09,89.37,89.77,85.49,86.57
CVNA,2020-01-10,86.81,88.21,85.76,87.61
CVNA,2020-01-13,88.48,93.85,87.61,92.87
CVNA,2020-01-14,92.14,92.19,84.06,86.02
CVNA,2020-01-15,85.76,86.85,83.41,86.77
CVNA,2020-01-16,87.44,88.0773,86.235,87.21
CVNA,2020-01-17,87.69,87.91,84.0,84.0
CVNA,2020-01-21,83.5,84.12,81.88,83.53
CVNA,2020-01-22,83.91,85.32,82.63,83.72
CVNA,2020-01-23,83.21,83.7,81.8,82.94
CVNA,2020-01-24,83.39,84.04,81.78,83.11
CVNA,2020-01-27,80.11,85.15,80.11,84.7
CVNA,2020-01-28,85.38,85.65,83.43,84.94
CVNA,2020-01-29,85.5,86.4,81.62,81.75
CVNA,2020-01-30,80.55,80.86,78.59,79.88
CVNA,2020-01-31,80.05,80.05,76.8,79.25
CVNA,2020-02-03,80.22,86.31,79.87,86.25
CVNA,2020-02-04,87.28,91.8989,86.62,91.3
CVNA,2020-02-05,92.46,92.46,84.84,89.75
CVNA,2020-02-06,90.1,93.32,89.39,91.06
CVNA,2020-02-07,90.05,90.37,87.91,88.86
CVNA,2020-02-10,88.37,90.81,87.72,89.44
CVNA,2020-02-11,89.79,90.24,84.24,85.8
CVNA,2020-02-12,86.61,87.43,85.075,86.65
CVNA,2020-02-13,86.0,88.06,85.58,87.4
CVNA,2020-02-14,87.54,89.11,87.09,88.62
CVNA,2020-02-18,88.0,94.59,88.0,94.31
CVNA,2020-02-19,95.1,109.49,93.9457,106.78
CVNA,2020-02-20,106.45,115.23,104.5,108.81
CVNA,2020-02-21,109.11,111.245,106.1,110.09
CVNA,2020-02-24,105.68,108.38,104.62,107.1
CVNA,2020-02-25,108.41,109.085,103.091,104.04
CVNA,2020-02-26,103.31,105.41,100.28,101.56
CVNA,2020-02-27,88.4,92.75,81.1,88.77
CVNA,2020-02-28,84.06,85.01,78.6601,82.91
CVNA,2020-03-02,83.37,86.181,79.0,82.36
CVNA,2020-03-03,82.65,83.2,77.39,80.05
CVNA,2020-03-04,81.91,82.55,78.4401,82.45
CVNA,2020-03-05,80.19,81.6,73.49,74.55
CVNA,2020-03-06,70.86,71.52,64.3101,66.02
CVNA,2020-03-09,58.93,59.96,55.84,58.19
CVNA,2020-03-10,61.06,63.12,55.45,62.77
CVNA,2020-03-11,60.0,62.15,54.71,56.59
CVNA,2020-03-12,50.52,53.18,44.5501,45.13
CVNA,2020-03-13,51.48,51.48,41.12,50.92
CVNA,2020-03-16,40.43,43.78,36.71,39.18
CVNA,2020-03-17,40.6,43.0,32.87,40.61
CVNA,2020-03-18,35.89,36.62,22.911,29.91
CVNA,2020-03-19,26.56,31.97,22.16,30.01
CVNA,2020-03-20,31.78,38.26,28.54,29.35
CVNA,2020-03-23,28.68,36.86,26.35,35.8
CVNA,2020-03-24,39.93,56.67,39.895,51.21
CVNA,2020-03-25,53.17,66.36,52.23,62.51
CVNA,2020-03-26,62.38,64.0,53.85,56.55
CVNA,2020-03-27,52.06,52.92,47.52,49.04
CVNA,2020-03-30,58.0,59.99,49.63,52.38
CVNA,2020-03-31,51.47,57.5,51.47,55.09
CVNA,2020-04-01,50.47,52.68,48.32,50.56
CVNA,2020-04-02,49.02,49.99,45.01,46.61
CVNA,2020-04-03,45.33,50.4089,44.001,45.91
CVNA,2020-04-06,50.99,54.69,47.59,52.83
CVNA,2020-04-07,57.6,61.51,53.21,55.53
CVNA,2020-04-08,57.03,60.25,53.42,58.48
CVNA,2020-04-09,62.36,70.83,60.01,61.35
CVNA,2020-04-13,62.06,75.96,58.04,75.28
CVNA,2020-04-14,78.0,86.46,76.55,84.08
CVNA,2020-04-15,77.49,79.0,70.775,71.34
CVNA,2020-04-16,72.34,74.49,68.97,71.22
CVNA,2020-04-17,74.95,78.99,73.321,78.06
CVNA,2020-04-20,73.94,82.25,73.8,80.3
CVNA,2020-04-21,80.0,87.97,78.56,85.58
CVNA,2020-04-22,86.12,88.68,81.58,82.67
CVNA,2020-04-23,83.36,90.71,83.19,87.81
CVNA,2020-04-24,88.52,94.11,86.05,92.24
CVNA,2020-04-27,93.78,95.84,89.51,90.31
CVNA,2020-04-28,94.26,94.26,82.55,82.96
CVNA,2020-04-29,87.66,87.67,83.7901,84.89
CVNA,2020-04-30,83.37,85.91,79.65,80.11
CVNA,2020-05-01,77.97,78.4,71.72,76.0
CVNA,2020-05-04,73.26,80.09,71.56,80.01
CVNA,2020-05-05,82.0,88.18,80.21,86.0
CVNA,2020-05-06,86.5,92.45,85.1097,91.15
CVNA,2020-05-07,85.96,101.09,81.93,97.67
CVNA,2020-05-08,96.61,109.3,95.67,100.09
CVNA,2020-05-11,99.0,101.88,97.3701,100.67
CVNA,2020-05-12,102.65,102.84,93.34,93.72
CVNA,2020-05-13,94.6075,97.45,88.14,89.9
CVNA,2020-05-14,88.01,91.97,83.1001,89.55
CVNA,2020-05-15,87.94,93.03,87.54,92.66
CVNA,2020-05-18,97.85,101.65,97.0,98.59
CVNA,2020-05-19,90.72,92.25,88.0401,88.91
CVNA,2020-05-20,91.0,92.48,86.53,91.11
CVNA,2020-05-21,91.54,96.2,90.25,94.74
CVNA,2020-05-22,94.4,96.97,92.6,96.45
CVNA,2020-05-26,100.75,103.49,98.9032,99.19
CVNA,2020-05-27,100.18,100.99,92.31,96.14
CVNA,2020-05-28,95.8,96.05,91.51,93.29
CVNA,2020-05-29,93.52,95.5141,90.55,92.98
CVNA,2020-06-01,92.53,94.84,91.53,91.85
CVNA,2020-06-02,93.38,110.5,92.97,109.12
CVNA,2020-06-03,108.38,112.4,106.12,107.39
CVNA,2020-06-04,106.11,110.01,99.15,102.0
CVNA,2020-06-05,107.0,116.692,106.01,115.87
CVNA,2020-06-08,117.935,118.64,108.75,113.64
CVNA,2020-06-09,111.01,117.604,110.02,113.55
CVNA,2020-06-10,116.39,122.69,113.17,118.8
CVNA,2020-06-11,112.35,115.26,106.56,107.26
CVNA,2020-06-12,113.0,115.54,107.84,111.21
CVNA,2020-06-15,107.56,115.32,106.14,114.32
CVNA,2020-06-16,121.65,122.085,114.505,118.03
CVNA,2020-06-17,118.0,121.298,117.08,118.96
CVNA,2020-06-18,117.82,123.389,117.707,122.98
CVNA,2020-06-19,124.94,127.38,123.29,126.12
CVNA,2020-06-22,125.74,129.32,125.12,127.39
CVNA,2020-06-23,128.77,131.86,126.805,127.61
CVNA,2020-06-24,126.0,127.26,111.81,112.25
CVNA,2020-06-25,112.1,119.61,110.06,117.16
CVNA,2020-06-26,118.26,121.51,116.69,117.41
CVNA,2020-06-29,118.33,121.69,115.23,120.37
CVNA,2020-06-30,119.36,121.34,118.64,120.2
CVNA,2020-07-01,119.59,126.99,119.38,125.38
CVNA,2020-07-02,128.89,132.55,127.83,128.53
CVNA,2020-07-06,133.354,137.72,133.25,134.44
CVNA,2020-07-07,133.85,138.35,129.84,133.11
CVNA,2020-07-08,134.03,139.3,132.78,138.92
CVNA,2020-07-09,140.49,143.133,134.93,138.64
CVNA,2020-07-10,138.0,139.98,136.0,137.46
CVNA,2020-07-13,139.31,139.61,126.31,126.55
CVNA,2020-07-14,126.56,136.305,124.89,135.95
CVNA,2020-07-15,137.5,138.29,131.67,136.49
CVNA,2020-07-16,135.16,138.1,133.855,136.95
CVNA,2020-07-17,138.45,142.22,137.69,141.1
CVNA,2020-07-20,142.35,146.81,142.35,144.84
CVNA,2020-07-21,146.61,147.08,144.098,145.03
CVNA,2020-07-22,146.15,150.0,145.17,149.19
CVNA,2020-07-23,148.58,150.8,144.91,147.95
CVNA,2020-07-24,145.81,149.19,142.56,148.36
CVNA,2020-07-27,149.99,150.93,147.16,150.83
CVNA,2020-07-28,153.08,156.33,151.26,151.38
CVNA,2020-07-29,152.52,155.5,152.52,155.46
CVNA,2020-07-30,152.95,157.44,148.49,155.87
CVNA,2020-07-31,157.23,157.74,151.44,154.95
CVNA,2020-08-03,156.76,162.155,156.07,159.49
CVNA,2020-08-04,159.77,167.22,159.77,166.69
CVNA,2020-08-05,168.94,177.29,167.27,174.12
CVNA,2020-08-06,173.0,225.45,172.93,222.99
CVNA,2020-08-07,215.6,222.98,190.31,192.0
CVNA,2020-08-10,196.51,198.22,184.05,190.12
CVNA,2020-08-11,190.54,199.32,183.89,187.65
CVNA,2020-08-12,190.0,197.25,189.0,193.22
CVNA,2020-08-13,192.67,202.63,192.41,193.43
CVNA,2020-08-14,194.62,197.9,193.26,196.68
CVNA,2020-08-17,198.56,199.99,191.27,195.0
CVNA,2020-08-18,196.2,205.48,194.775,202.61
CVNA,2020-08-19,203.0,203.0,196.84,199.31
CVNA,2020-08-20,197.95,204.82,196.48,202.59
CVNA,2020-08-21,201.9,207.28,200.5,202.2
CVNA,2020-08-24,205.05,205.24,196.14,200.89
CVNA,2020-08-25,199.0,203.715,195.51,202.93
CVNA,2020-08-26,204.22,208.56,201.29,207.82
CVNA,2020-08-27,206.97,213.14,203.16,208.01
CVNA,2020-08-28,208.8,219.1,208.755,218.44
CVNA,2020-08-31,218.0,218.92,210.41,215.96
CVNA,2020-09-01,215.12,235.0,214.57,227.19
CVNA,2020-09-02,230.53,231.419,214.71,222.98
CVNA,2020-09-03,218.0,219.33,197.2,198.51
CVNA,2020-09-04,196.0,201.76,180.16,187.0
CVNA,2020-09-08,178.5,186.12,176.65,181.0
CVNA,2020-09-09,188.46,191.94,177.135,179.86
CVNA,2020-09-10,180.72,184.93,177.31,178.63
CVNA,2020-09-11,179.33,182.64,171.44,174.24
CVNA,2020-09-14,178.14,178.36,169.03,171.55
CVNA,2020-09-15,174.0,174.81,168.01,171.92
CVNA,2020-09-16,172.25,178.0,167.334,175.9
CVNA,2020-09-17,171.0,171.59,164.63,166.44
CVNA,2020-09-18,171.13,171.72,160.67,164.78
CVNA,2020-09-21,161.91,173.92,158.25,173.67
CVNA,2020-09-22,210.86,234.74,200.94,226.83
CVNA,2020-09-23,226.47,227.97,214.3,218.67
CVNA,2020-09-24,216.64,218.41,206.65,208.35
CVNA,2020-09-25,208.26,208.81,200.53,203.26
CVNA,2020-09-28,206.94,218.38,206.25,218.02
CVNA,2020-09-29,220.51,232.9,220.0,226.03
CVNA,2020-09-30,223.75,226.68,218.59,223.06
CVNA,2020-10-01,227.3,242.15,223.0,238.1
CVNA,2020-10-02,235.89,239.98,212.66,222.7
CVNA,2020-10-05,226.0,229.774,220.9,225.01
CVNA,2020-10-06,229.0,232.43,210.72,214.65
CVNA,2020-10-07,221.86,223.84,214.66,216.96
CVNA,2020-10-08,217.86,219.557,211.25,214.0
CVNA,2020-10-09,214.87,215.51,211.69,213.45
CVNA,2020-10-12,216.0,217.0,208.486,209.5
CVNA,2020-10-13,210.52,225.25,210.52,216.85
CVNA,2020-10-14,219.135,220.53,207.0,213.22
CVNA,2020-10-15,210.0,224.83,209.71,224.39
CVNA,2020-10-16,223.99,227.1,215.1,221.34
CVNA,2020-10-19,222.96,229.0,212.59,213.68
CVNA,2020-10-20,209.91,212.48,199.08,199.98
CVNA,2020-10-21,202.38,204.5,191.02,192.23
CVNA,2020-10-22,193.37,203.07,190.42,202.2
CVNA,2020-10-23,201.51,204.5,197.05,202.64
CVNA,2020-10-26,199.11,202.915,196.12,201.38
CVNA,2020-10-27,202.39,209.95,201.0,208.32
CVNA,2020-10-28,203.29,205.5,197.749,203.0
CVNA,2020-10-29,205.0,205.7,190.21,191.19
CVNA,2020-10-30,199.32,213.99,179.24,185.35
CVNA,2020-11-02,187.2,189.9,180.13,185.01
CVNA,2020-11-03,186.97,194.79,185.64,191.0
CVNA,2020-11-04,196.01,201.7,193.46,201.2
CVNA,2020-11-05,205.82,210.0,202.44,204.51
CVNA,2020-11-06,205.14,211.69,196.265,210.0
CVNA,2020-11-09,201.25,207.47,194.01,194.15
CVNA,2020-11-10,191.38,194.93,182.06,192.49
CVNA,2020-11-11,194.25,207.45,193.37,207.25
CVNA,2020-11-12,205.3,217.15,204.292,214.74
CVNA,2020-11-13,216.54,220.425,207.96,211.08
CVNA,2020-11-16,206.0,214.49,205.65,210.01
CVNA,2020-11-17,210.16,223.71,208.51,221.59
CVNA,2020-11-18,221.0,231.19,220.27,224.18
CVNA,2020-11-19,225.07,230.64,222.0,227.0
CVNA,2020-11-20,228.0,236.432,226.89,234.3
CVNA,2020-11-23,237.67,244.53,236.095,240.08
CVNA,2020-11-24,239.9,246.095,231.75,236.72
CVNA,2020-11-25,235.81,243.264,232.54,238.16
CVNA,2020-11-27,242.41,250.66,240.6,249.14
CVNA,2020-11-30,251.08,251.675,235.82,250.21
CVNA,2020-12-01,251.5,252.36,242.255,251.13
CVNA,2020-12-02,229.23,238.78,223.48,225.45
CVNA,2020-12-03,227.51,232.5,224.02,227.92
CVNA,2020-12-04,232.06,243.17,228.94,243.09
CVNA,2020-12-07,241.34,259.81,241.34,258.88
CVNA,2020-12-08,259.38,263.12,254.62,261.34
CVNA,2020-12-09,262.8,267.47,249.6,255.5
CVNA,2020-12-10,252.76,262.08,251.75,260.47
CVNA,2020-12-11,260.0,264.79,256.0,258.26
CVNA,2020-12-14,258.26,262.37,247.6,250.97
CVNA,2020-12-15,260.1,268.97,254.325,256.04
CVNA,2020-12-16,259.78,261.78,249.0,260.96
CVNA,2020-12-17,264.09,277.01,260.69,271.99
CVNA,2020-12-18,272.5,273.0,262.32,266.24
CVNA,2020-12-21,262.33,278.83,261.25,278.6
CVNA,2020-12-22,280.0,292.08,278.9,291.52
CVNA,2020-12-23,292.76,292.76,265.8,270.0
CVNA,2020-12-24,272.44,279.0,270.26,274.71
CVNA,2020-12-28,273.42,274.55,245.326,251.49
CVNA,2020-12-29,253.0,253.05,241.55,250.51
CVNA,2020-12-30,250.25,256.01,248.585,250.34
CVNA,2020-12-31,251.0,251.0,239.19,239.54
CVNA,2021-01-04,243.62,243.62,229.26,236.27
CVNA,2021-01-05,240.0,255.94,237.25,255.58
CVNA,2021-01-06,250.51,257.0,243.04,250.83
CVNA,2021-01-07,256.32,276.45,256.21,270.16
CVNA,2021-01-08,273.0,279.6,266.02,278.44
CVNA,2021-01-11,274.49,279.5,265.71,274.13
CVNA,2021-01-12,277.05,292.44,276.39,288.44
CVNA,2021-01-13,288.4,295.125,286.635,289.43
CVNA,2021-01-14,291.53,302.46,289.15,296.83
CVNA,2021-01-15,293.5,295.5,282.01,287.57
CVNA,2021-01-19,290.0,290.13,273.66,275.0
CVNA,2021-01-20,276.75,278.4,267.54,269.88
CVNA,2021-01-21,271.0,276.81,267.02,272.55
CVNA,2021-01-22,272.72,276.87,268.209,273.47
CVNA,2021-01-25,278.23,284.92,262.69,272.81
CVNA,2021-01-26,273.5,278.8,260.8,261.33
CVNA,2021-01-27,257.31,258.5,235.13,239.31
CVNA,2021-01-28,246.61,267.8,246.0,256.01
CVNA,2021-01-29,254.0,265.46,246.55,261.19
CVNA,2021-02-01,265.33,270.0,255.16,264.24
CVNA,2021-02-02,270.0,287.66,266.48,280.65
CVNA,2021-02-03,281.57,289.17,273.0,283.81
CVNA,2021-02-04,287.03,291.06,278.51,284.53
CVNA,2021-02-05,288.0,292.4,279.75,288.15
CVNA,2021-02-08,288.9,294.53,283.12,288.16
CVNA,2021-02-09,291.33,299.87,282.52,292.91
CVNA,2021-02-10,295.7,300.59,286.325,297.93
CVNA,2021-02-11,300.0,300.785,291.4,294.34
CVNA,2021-02-12,294.28,304.48,289.94,296.05
CVNA,2021-02-16,300.79,310.8,293.05,296.25
CVNA,2021-02-17,291.98,298.32,286.151,295.61
CVNA,2021-02-18,292.5,300.835,288.0,295.4
CVNA,2021-02-19,295.73,314.565,295.73,308.74
CVNA,2021-02-22,304.37,306.38,280.0,281.94
CVNA,2021-02-23,272.79,283.49,253.0,280.27
CVNA,2021-02-24,283.1,286.42,268.465,284.94
CVNA,2021-02-25,281.89,290.17,259.32,263.66
CVNA,2021-02-26,278.0,295.77,265.0,283.5
CVNA,2021-03-01,289.12,312.19,289.09,311.92
CVNA,2021-03-02,311.92,323.39,310.99,314.84
CVNA,2021-03-03,313.5,314.33,284.765,288.13
CVNA,2021-03-04,282.01,291.87,263.91,269.99
CVNA,2021-03-05,273.19,273.934,242.5,261.54
CVNA,2021-03-08,262.01,263.765,240.52,241.19
CVNA,2021-03-09,260.82,261.99,252.26,260.42
CVNA,2021-03-10,264.48,274.08,257.0,260.45
CVNA,2021-03-11,271.54,279.546,264.96,277.04
CVNA,2021-03-12,271.75,288.56,263.51,286.69
CVNA,2021-03-15,287.97,288.65,275.11,284.46
CVNA,2021-03-16,289.3,291.78,278.21,283.65
CVNA,2021-03-17,278.77,290.25,272.01,286.28
CVNA,2021-03-18,282.0,282.0,261.045,262.81
CVNA,2021-03-19,262.21,273.682,260.13,269.22
CVNA,2021-03-22,269.89,277.87,266.0,273.92
CVNA,2021-03-23,272.24,283.99,272.05,274.17
CVNA,2021-03-24,277.09,277.18,252.07,252.85
CVNA,2021-03-25,245.85,257.99,240.58,256.36
CVNA,2021-03-26,256.7,262.36,249.68,259.0
CVNA,2021-03-29,258.87,260.882,244.445,248.71
CVNA,2021-03-30,246.0,257.08,243.19,254.5
CVNA,2021-03-31,261.88,267.05,258.18,262.4
CVNA,2021-04-01,266.19,275.95,264.0,265.32
CVNA,2021-04-05,270.72,271.0,259.57,267.33
CVNA,2021-04-06,267.54,281.86,264.28,277.6
CVNA,2021-04-07,273.11,276.199,266.88,267.3
CVNA,2021-04-08,268.2,273.99,267.44,271.0
CVNA,2021-04-09,273.41,273.41,265.18,271.3
CVNA,2021-04-12,266.35,270.805,259.37,269.28
CVNA,2021-04-13,272.19,277.85,268.08,276.71
CVNA,2021-04-14,278.0,282.18,268.3,270.09
CVNA,2021-04-15,272.92,285.96,269.24,281.69
CVNA,2021-04-16,283.25,283.25,272.25,275.09
CVNA,2021-04-19,273.86,279.14,269.25,276.5
CVNA,2021-04-20,276.51,276.81,258.68,262.63
CVNA,2021-04-21,258.0,270.3,255.01,268.18
CVNA,2021-04-22,270.19,270.35,258.435,265.01
CVNA,2021-04-23,266.98,278.01,260.41,278.01
CVNA,2021-04-26,279.31,296.33,278.0,294.39
CVNA,2021-04-27,295.94,301.16,291.725,294.76
CVNA,2021-04-28,295.0,298.515,289.296,293.49
CVNA,2021-04-29,294.76,297.0,284.01,288.74
CVNA,2021-04-30,285.26,290.17,282.1,285.26
CVNA,2021-05-03,297.43,297.93,289.0,290.0
CVNA,2021-05-04,285.75,290.55,276.59,289.23
CVNA,2021-05-05,293.27,293.65,279.25,280.62
CVNA,2021-05-06,276.84,278.345,258.38,263.45
CVNA,2021-05-07,259.0,261.97,246.49,247.81
CVNA,2021-05-10,243.11,245.87,236.25,242.18
CVNA,2021-05-11,231.73,245.41,229.69,239.19
CVNA,2021-05-12,233.43,234.98,222.79,226.54
CVNA,2021-05-13,229.67,233.09,223.312,223.87
CVNA,2021-05-14,227.3,239.58,227.3,237.53
CVNA,2021-05-17,235.03,238.74,222.0,226.56
CVNA,2021-05-18,228.28,230.57,223.87,227.35
CVNA,2021-05-19,221.065,232.22,219.4,228.15
CVNA,2021-05-20,229.72,243.0,228.58,241.71
CVNA,2021-05-21,243.82,247.24,240.01,246.42
CVNA,2021-05-24,248.86,259.51,247.65,253.8
CVNA,2021-05-25,256.81,263.76,256.08,259.8
CVNA,2021-05-26,260.38,262.64,253.96,259.13
CVNA,2021-05-27,262.5,273.0,256.5,267.07
CVNA,2021-05-28,265.32,269.53,264.51,265.09
CVNA,2021-06-01,267.26,275.85,259.84,273.14
CVNA,2021-06-02,274.5,281.72,271.31,278.65
CVNA,2021-06-03,274.54,278.14,268.905,273.9
CVNA,2021-06-04,275.0,280.01,272.66,279.87
CVNA,2021-06-07,278.44,281.18,273.96,279.85
CVNA,2021-06-08,280.0,280.59,272.75,276.33
CVNA,2021-06-09,275.65,276.78,264.07,264.51
CVNA,2021-06-10,264.81,268.39,263.745,266.67
CVNA,2021-06-11,268.65,275.0,267.06,274.66
CVNA,2021-06-14,274.75,279.89,274.74,278.69
CVNA,2021-06-15,277.0,277.665,269.0,273.2
CVNA,2021-06-16,273.06,281.58,272.0,279.46
CVNA,2021-06-17,281.74,292.0,280.3,291.16
CVNA,2021-06-18,291.71,296.62,288.17,294.32
CVNA,2021-06-21,297.39,299.26,286.38,295.73
CVNA,2021-06-22,298.16,314.5,296.87,313.1
CVNA,2021-06-23,306.5,316.17,305.65,314.73
CVNA,2021-06-24,318.81,319.5,303.01,304.51
CVNA,2021-06-25,306.33,306.5,298.09,300.16
CVNA,2021-06-28,299.94,310.06,299.33,305.47
CVNA,2021-06-29,301.63,303.405,296.61,301.72
CVNA,2021-06-30,301.67,307.45,299.25,301.82
CVNA,2021-07-01,300.0,308.5,297.283,308.01
CVNA,2021-07-02,310.0,313.55,307.112,312.08
CVNA,2021-07-06,312.39,322.13,310.535,316.24
CVNA,2021-07-07,317.0,320.02,312.055,316.88
CVNA,2021-07-08,308.94,322.62,308.77,322.51
CVNA,2021-07-09,323.31,327.78,319.65,323.42
CVNA,2021-07-12,323.33,326.81,321.825,324.12
CVNA,2021-07-13,325.13,329.1,320.88,323.07
CVNA,2021-07-14,323.49,324.44,312.415,314.43
CVNA,2021-07-15,314.43,319.82,306.74,311.2
CVNA,2021-07-16,314.38,318.85,312.0,313.27
CVNA,2021-07-19,307.97,311.21,302.94,311.04
CVNA,2021-07-20,314.67,328.26,312.5,325.34
CVNA,2021-07-21,323.67,332.5,321.0,331.7
CVNA,2021-07-22,330.44,338.875,330.44,335.23
CVNA,2021-07-23,334.77,341.4,327.96,338.92
CVNA,2021-07-26,338.8,339.095,334.46,336.64
CVNA,2021-07-27,337.02,338.92,327.25,336.99
CVNA,2021-07-28,339.08,344.32,333.42,339.32
CVNA,2021-07-29,337.74,340.73,335.4,339.19
CVNA,2021-07-30,336.4,341.85,334.3,337.56
CVNA,2021-08-02,338.0,338.05,333.36,333.95
CVNA,2021-08-03,333.95,335.022,328.0,332.37
CVNA,2021-08-04,331.4,334.99,326.47,330.91
CVNA,2021-08-05,328.45,337.91,328.26,337.0
CVNA,2021-08-06,365.45,372.01,338.5,345.65
CVNA,2021-08-09,343.75,357.86,339.11,356.34
CVNA,2021-08-10,359.54,376.83,358.96,370.1
CVNA,2021-08-11,367.38,375.3,356.6,360.7
CVNA,2021-08-12,360.54,365.04,356.81,358.15
CVNA,2021-08-13,358.35,361.95,357.885,360.98
CVNA,2021-08-16,359.11,364.13,354.128,361.5
CVNA,2021-08-17,354.88,356.93,348.195,352.29
CVNA,2021-08-18,354.2,355.03,341.45,350.66
CVNA,2021-08-19,349.99,354.52,347.5,349.95
CVNA,2021-08-20,350.08,353.011,345.36,349.76
CVNA,2021-08-23,349.76,360.28,349.76,357.58
CVNA,2021-08-24,361.12,363.09,352.49,353.39
CVNA,2021-08-25,355.05,358.2,352.5,354.39
CVNA,2021-08-26,352.25,357.1,349.28,351.74
CVNA,2021-08-27,345.86,348.96,336.5,337.52
CVNA,2021-08-30,339.09,341.69,332.7,337.76
CVNA,2021-08-31,340.0,340.0,323.13,328.06
CVNA,2021-09-01,328.84,333.28,325.94,330.48
CVNA,2021-09-02,332.76,334.19,319.66,320.02
CVNA,2021-09-03,319.0,329.32,316.36,328.66
CVNA,2021-09-07,330.02,333.453,326.8,330.18
CVNA,2021-09-08,330.48,331.92,325.09,328.9
CVNA,2021-09-09,327.46,334.91,327.28,328.81
CVNA,2021-09-10,331.86,333.4,324.41,329.72
CVNA,2021-09-13,330.26,331.95,316.79,326.06
CVNA,2021-09-14,327.58,338.585,326.74,329.07
CVNA,2021-09-15,332.57,332.57,325.45,329.86
CVNA,2021-09-16,325.33,345.98,323.613,342.24
CVNA,2021-09-17,340.21,343.18,329.48,330.1
CVNA,2021-09-20,322.21,327.12,314.72,326.5
CVNA,2021-09-21,330.48,332.76,318.0,318.22
CVNA,2021-09-22,319.8,325.22,318.17,321.06
CVNA,2021-09-23,323.38,328.97,316.28,319.25
CVNA,2021-09-24,319.09,324.38,315.56,321.99
CVNA,2021-09-27,320.39,322.395,316.1,319.12
CVNA,2021-09-28,315.76,316.91,301.96,305.78
CVNA,2021-09-29,309.0,309.98,304.17,305.81
CVNA,2021-09-30,297.86,307.54,294.99,301.54
CVNA,2021-10-01,305.14,305.14,292.95,302.83
CVNA,2021-10-04,298.26,299.98,286.82,294.07
CVNA,2021-10-05,295.02,295.31,282.805,286.78
CVNA,2021-10-06,281.08,290.69,280.0,285.76
CVNA,2021-10-07,290.99,293.11,284.34,285.31
CVNA,2021-10-08,286.13,288.11,282.19,282.43
CVNA,2021-10-11,289.82,290.18,282.07,282.74
CVNA,2021-10-12,286.05,287.57,281.04,281.48
CVNA,2021-10-13,284.42,284.92,280.25,282.54
CVNA,2021-10-14,285.8,289.41,282.85,284.08
CVNA,2021-10-15,286.92,291.615,285.0,287.06
CVNA,2021-10-18,286.0,291.62,286.0,288.94
CVNA,2021-10-19,291.66,295.71,288.68,290.85
CVNA,2021-10-20,291.3,294.39,287.75,289.03
CVNA,2021-10-21,290.96,305.799,290.06,301.76
CVNA,2021-10-22,297.71,299.04,292.46,297.59
CVNA,2021-10-25,298.07,299.75,289.08,292.23
CVNA,2021-10-26,295.09,295.88,288.33,291.56
CVNA,2021-10-27,303.95,305.99,289.325,291.53
CVNA,2021-10-28,291.58,299.74,290.92,297.96
CVNA,2021-10-29,295.91,308.01,295.91,303.18
CVNA,2021-11-01,302.82,309.5,299.67,301.92
CVNA,2021-11-02,301.0,304.24,298.12,300.3
CVNA,2021-11-03,300.31,305.94,298.84,301.41
CVNA,2021-11-04,301.22,302.14,295.06,300.59
CVNA,2021-11-05,289.83,307.11,275.33,297.89
CVNA,2021-11-08,294.11,298.78,290.91,292.73
CVNA,2021-11-09,295.54,300.63,293.33,295.85
CVNA,2021-11-10,293.06,295.1,284.655,287.26
CVNA,2021-11-11,286.34,287.81,279.29,286.28
CVNA,2021-11-12,290.0,294.87,285.51,294.43
CVNA,2021-11-15,296.22,302.46,295.84,298.18
CVNA,2021-11-16,298.51,301.225,295.92,300.79
CVNA,2021-11-17,301.42,304.325,291.83,292.24
CVNA,2021-11-18,292.6,292.75,282.3,288.62
CVNA,2021-11-19,289.35,293.21,285.43,291.72
CVNA,2021-11-22,294.11,294.11,280.06,284.69
CVNA,2021-11-23,281.64,285.5,276.08,282.01
CVNA,2021-11-24,279.18,291.0,276.09,290.2
CVNA,2021-11-26,290.6,295.97,287.87,291.11
CVNA,2021-11-29,293.15,296.7,290.15,291.97
CVNA,2021-11-30,293.01,293.52,277.54,280.42
CVNA,2021-12-01,282.01,286.25,265.49,266.54
CVNA,2021-12-02,264.23,270.37,257.98,265.65
CVNA,2021-12-03,266.0,268.33,245.39,261.35
CVNA,2021-12-06,261.94,268.82,255.17,263.12
CVNA,2021-12-07,267.5,269.45,261.623,263.99
CVNA,2021-12-08,265.0,269.53,260.88,267.87
CVNA,2021-12-09,266.76,270.54,265.09,268.04
CVNA,2021-12-10,269.54,272.65,263.5,270.82
CVNA,2021-12-13,270.18,274.35,261.55,264.02
CVNA,2021-12-14,259.99,259.99,240.3,241.0
CVNA,2021-12-15,237.14,239.41,215.66,226.5
CVNA,2021-12-16,227.52,230.05,197.43,204.12
CVNA,2021-12-17,200.53,224.99,194.695,223.59
CVNA,2021-12-20,219.59,221.97,204.985,205.61
CVNA,2021-12-21,209.0,227.17,207.01,227.0
CVNA,2021-12-22,226.09,238.09,225.49,237.84
CVNA,2021-12-23,238.0,245.83,236.38,240.78
CVNA,2021-12-27,239.85,241.99,231.09,232.18
CVNA,2021-12-28,233.0,237.215,229.97,233.76
CVNA,2021-12-29,234.29,234.29,224.78,225.29
CVNA,2021-12-30,225.29,237.73,224.856,233.08
CVNA,2021-12-31,232.49,234.31,225.71,231.79
CVNA,2022-01-03,234.38,239.64,228.99,239.63
CVNA,2022-01-04,238.3,240.585,209.155,220.94
CVNA,2022-01-05,217.69,218.19,197.49,198.0
CVNA,2022-01-06,196.63,202.69,184.38,191.38
CVNA,2022-01-07,188.73,195.98,184.58,184.71
CVNA,2022-01-10,180.0,183.76,171.81,183.44
CVNA,2022-01-11,179.44,193.23,178.5,186.2
CVNA,2022-01-12,184.76,186.0,173.285,177.53
CVNA,2022-01-13,179.99,180.575,161.25,163.0
CVNA,2022-01-14,160.61,165.5,147.67,156.39
CVNA,2022-01-18,152.12,169.89,148.22,162.09
CVNA,2022-01-19,163.23,168.54,153.02,157.13
CVNA,2022-01-20,158.05,175.4,157.27,157.99
CVNA,2022-01-21,153.67,155.48,133.88,135.65
CVNA,2022-01-24,132.0,160.73,130.25,157.9
CVNA,2022-01-25,153.0,159.95,139.65,146.53
CVNA,2022-01-26,153.17,155.0,137.75,140.95
CVNA,2022-01-27,142.61,144.83,133.42,141.68
CVNA,2022-01-28,144.73,151.79,134.692,145.99
CVNA,2022-01-31,146.42,163.15,146.03,162.06
CVNA,2022-02-01,164.02,166.51,153.64,164.78
CVNA,2022-02-02,164.25,167.0,153.55,158.4
CVNA,2022-02-03,152.95,155.56,143.75,146.94
CVNA,2022-02-04,150.04,156.89,144.49,150.31
CVNA,2022-02-07,148.69,158.971,143.76,146.33
CVNA,2022-02-08,143.62,154.3,142.67,153.13
CVNA,2022-02-09,156.66,162.89,152.19,162.69
CVNA,2022-02-10,156.0,163.18,152.55,154.54
CVNA,2022-02-11,154.94,159.02,137.85,141.35
CVNA,2022-02-14,140.02,146.73,137.3,140.63
CVNA,2022-02-15,143.34,147.4,137.11,142.5
CVNA,2022-02-16,141.0,141.29,133.03,138.62
CVNA,2022-02-17,137.35,145.77,132.56,135.23
CVNA,2022-02-18,135.41,137.76,125.25,126.4
CVNA,2022-02-22,125.02,128.75,116.93,119.25
CVNA,2022-02-23,119.26,123.47,113.285,113.65
CVNA,2022-02-24,107.64,127.67,107.5,126.05
CVNA,2022-02-25,135.02,156.68,121.19,152.57
CVNA,2022-02-28,149.2,155.92,145.5,150.47
CVNA,2022-03-01,148.73,149.79,135.32,145.06
CVNA,2022-03-02,142.89,145.0,134.65,138.61
CVNA,2022-03-03,142.93,144.13,122.285,123.33
CVNA,2022-03-04,123.27,123.5,102.19,103.84
CVNA,2022-03-07,106.88,110.74,99.71,104.94
CVNA,2022-03-08,105.87,115.32,97.6965,105.2
CVNA,2022-03-09,115.0,122.85,113.01,116.55
CVNA,2022-03-10,114.0,114.95,106.8,113.48
CVNA,2022-03-11,114.99,118.24,110.15,113.79
CVNA,2022-03-14,111.47,121.18,104.53,105.48
CVNA,2022-03-15,106.45,122.3,104.03,120.44
CVNA,2022-03-16,123.52,130.78,120.91,129.45
CVNA,2022-03-17,126.41,135.85,124.56,134.86
CVNA,2022-03-18,133.81,146.25,132.94,142.43
CVNA,2022-03-21,140.03,144.0,133.5,136.31
CVNA,2022-03-22,134.81,143.98,128.99,141.28
CVNA,2022-03-23,138.37,150.84,132.22,141.19
CVNA,2022-03-24,140.77,149.07,133.53,148.65
CVNA,2022-03-25,149.17,149.69,125.8,128.52
CVNA,2022-03-28,127.0,129.86,119.61,129.86
CVNA,2022-03-29,134.75,140.12,129.66,138.69
CVNA,2022-03-30,134.29,138.645,125.27,125.98
CVNA,2022-03-31,126.11,126.55,118.45,119.29
CVNA,2022-04-01,119.87,123.35,116.72,119.46
CVNA,2022-04-04,119.32,134.68,119.32,132.96
CVNA,2022-04-05,126.27,129.43,118.23,121.46
CVNA,2022-04-06,117.01,117.11,107.03,113.73
CVNA,2022-04-07,111.76,116.148,106.1,111.23
CVNA,2022-04-08,110.12,113.94,106.13,107.31
CVNA,2022-04-11,105.0,114.24,102.56,106.01
CVNA,2022-04-12,106.64,111.68,98.5,100.78
CVNA,2022-04-13,99.73,107.17,97.05,105.09
CVNA,2022-04-14,105.64,105.86,98.12,101.53
CVNA,2022-04-18,99.82,100.4,93.99,96.55
CVNA,2022-04-19,95.76,103.42,94.8485,101.77
CVNA,2022-04-20,100.84,101.79,92.15,92.5
CVNA,2022-04-21,86.01,95.0,79.28,83.14
CVNA,2022-04-22,88.41,91.4,82.25,83.75
CVNA,2022-04-25,80.99,82.57,75.34,81.21
CVNA,2022-04-26,81.19,81.96,70.18,70.49
CVNA,2022-04-27,71.72,79.0,63.36,65.74
CVNA,2022-04-28,66.53,68.36,58.23,64.37
CVNA,2022-04-29,65.0,68.96,57.405,57.96
CVNA,2022-05-02,57.42,60.943,55.28,60.47
CVNA,2022-05-03,58.01,59.68,54.9,57.33
CVNA,2022-05-04,54.64,59.85,52.3694,59.65
CVNA,2022-05-05,56.8,56.995,47.45,48.92
CVNA,2022-05-06,48.02,48.15,40.76,46.48
CVNA,2022-05-09,46.35,46.9,38.42,38.77
CVNA,2022-05-10,41.285,42.02,35.08,36.68
CVNA,2022-05-11,35.73,38.64,29.13,30.0
CVNA,2022-05-12,29.41,45.3,28.35,37.4
CVNA,2022-05-13,40.21,45.45,36.71,38.31
CVNA,2022-05-16,42.56,46.35,37.9,38.4
CVNA,2022-05-17,39.77,41.74,37.17,41.6
CVNA,2022-05-18,40.19,40.258,34.52,35.05
CVNA,2022-05-19,35.06,36.38,31.8,32.88
CVNA,2022-05-20,33.59,33.69,30.45,33.57
CVNA,2022-05-23,32.81,33.21,28.75,30.24
CVNA,2022-05-24,29.63,29.76,25.69,26.65
CVNA,2022-05-25,26.5,31.5999,26.44,30.96
CVNA,2022-05-26,30.38,32.99,29.71,31.09
CVNA,2022-05-27,31.99,34.4,31.7,33.85
CVNA,2022-05-31,33.36,34.29,28.81,29.44
CVNA,2022-06-01,29.46,30.0499,26.31,26.49
CVNA,2022-06-02,26.15,30.64,25.26,30.08
CVNA,2022-06-03,29.0,29.4202,26.27,26.52
CVNA,2022-06-06,27.26,27.26,24.73,24.88
CVNA,2022-06-07,24.16,25.45,23.6,25.41
CVNA,2022-06-08,25.22,27.24,24.42,25.2
CVNA,2022-06-09,25.29,25.43,22.675,23.13
CVNA,2022-06-10,22.87,23.74,21.61,22.01
CVNA,2022-06-13,20.39,21.45,19.8,21.03
CVNA,2022-06-14,21.41,22.33,20.235,20.92
CVNA,2022-06-15,21.96,25.42,21.62,24.43
CVNA,2022-06-16,22.37,23.69,20.84,21.4
CVNA,2022-06-17,21.71,24.44,21.6,24.27
CVNA,2022-06-21,24.96,27.42,24.8,24.91
CVNA,2022-06-22,24.06,26.79,24.06,25.14
CVNA,2022-06-23,25.43,28.81,24.86,28.64
CVNA,2022-06-24,27.72,31.5599,27.28,31.52
CVNA,2022-06-27,31.87,32.37,28.38,30.34
CVNA,2022-06-28,29.91,30.7,24.56,24.74
CVNA,2022-06-29,24.17,24.5595,22.2,23.11
CVNA,2022-06-30,23.0,24.34,21.7018,22.58
CVNA,2022-07-01,22.96,23.67,21.43,21.87
CVNA,2022-07-05,21.3,27.85,20.66,27.58
CVNA,2022-07-06,27.34,28.39,25.82,26.3
CVNA,2022-07-07,26.27,26.94,25.02,26.78
CVNA,2022-07-08,25.88,28.49,24.71,25.09
CVNA,2022-07-11,24.58,24.58,21.68,22.09
CVNA,2022-07-12,22.54,22.9,21.54,22.07
CVNA,2022-07-13,21.0,22.47,20.18,20.97
CVNA,2022-07-14,20.55,20.81,19.45,20.23
CVNA,2022-07-15,20.69,21.76,20.07,21.25
CVNA,2022-07-18,21.9489,23.59,21.68,22.25
CVNA,2022-07-19,22.25,22.87,20.53,22.85
CVNA,2022-07-20,23.09,27.55,22.8,27.38
CVNA,2022-07-21,26.83,28.93,26.53,28.21
CVNA,2022-07-22,27.78,28.9,24.7301,25.38
CVNA,2022-07-25,25.29,26.17,24.17,25.2
CVNA,2022-07-26,23.98,24.4399,23.23,24.18
CVNA,2022-07-27,25.75,26.54,24.086,26.36
CVNA,2022-07-28,26.2,27.75,25.13,27.18
CVNA,2022-07-29,27.16,29.6,26.08,29.15
CVNA,2022-08-01,28.54,31.27,28.26,30.17
CVNA,2022-08-02,28.81,34.8299,28.58,34.05
CVNA,2022-08-03,34.75,35.59,32.5,34.9
CVNA,2022-08-04,34.96,37.97,32.09,33.54
CVNA,2022-08-05,34.71,48.49,34.63,46.98
CVNA,2022-08-08,46.89,50.77,43.2301,46.46
CVNA,2022-08-09,44.85,45.9,40.57,41.43
CVNA,2022-08-10,45.46,48.095,44.77,47.31
CVNA,2022-08-11,50.26,57.3199,49.37,50.13
CVNA,2022-08-12,50.93,52.5,48.05,52.1
CVNA,2022-08-15,51.715,52.2,48.8,51.0
CVNA,2022-08-16,50.9,58.05,48.9365,54.59
CVNA,2022-08-17,52.9,54.42,48.61,49.62
CVNA,2022-08-18,49.09,49.1199,45.85,47.86
CVNA,2022-08-19,45.62,46.3,41.905,42.3
CVNA,2022-08-22,40.29,41.25,35.2501,35.96
CVNA,2022-08-23,36.09,36.43,34.055,34.7
CVNA,2022-08-24,35.35,37.8162,34.89,36.09
CVNA,2022-08-25,37.42,39.28,36.64,38.49
CVNA,2022-08-26,38.69,39.5,34.05,35.54
CVNA,2022-08-29,34.65,35.43,33.4,34.21
CVNA,2022-08-30,34.94,36.41,31.93,33.09
CVNA,2022-08-31,33.75,34.7878,32.08,32.99
CVNA,2022-09-01,32.35,32.94,30.39,32.78
CVNA,2022-09-02,33.88,33.88,30.36,31.58
CVNA,2022-09-06,31.6,32.3,29.91,31.49
CVNA,2022-09-07,31.22,33.99,30.8007,33.31
CVNA,2022-09-08,32.18,34.02,31.698,33.98
CVNA,2022-09-09,34.32,37.48,34.2,36.62
CVNA,2022-09-12,40.2,42.49,38.82,42.28
CVNA,2022-09-13,37.2001,38.98,36.6,36.81
CVNA,2022-09-14,36.61,36.8,34.26,36.07
CVNA,2022-09-15,35.44,38.48,35.31,37.02
CVNA,2022-09-16,35.12,35.46,32.51,32.92
CVNA,2022-09-19,32.53,34.15,32.22,33.45
CVNA,2022-09-20,32.51,33.33,30.91,30.97
CVNA,2022-09-21,31.29,33.57,30.4203,30.66
CVNA,2022-09-22,30.28,30.8199,26.85,26.97
CVNA,2022-09-23,26.265,26.9957,25.253,26.2
CVNA,2022-09-26,26.58,27.68,24.42,24.44
CVNA,2022-09-27,26.11,26.83,24.41,24.83
CVNA,2022-09-28,25.17,27.28,24.84,26.87
CVNA,2022-09-29,24.02,24.2,20.53,21.57
CVNA,2022-09-30,20.91,22.17,20.0,20.3
CVNA,2022-10-03,20.41,21.84,19.3,21.46
CVNA,2022-10-04,22.89,23.97,22.3901,23.26
CVNA,2022-10-05,22.01,22.3,20.86,21.55
CVNA,2022-10-06,21.54,22.66,20.585,21.13
CVNA,2022-10-07,20.44,20.45,18.81,19.27
CVNA,2022-10-10,19.25,19.29,17.36,18.21
CVNA,2022-10-11,18.25,19.67,17.3,18.32
CVNA,2022-10-12,18.14,19.26,17.42,19.07
CVNA,2022-10-13,17.76,19.47,17.05,18.87
CVNA,2022-10-14,19.45,20.16,17.1,17.14
CVNA,2022-10-17,17.93,18.9299,17.51,18.22
CVNA,2022-10-18,18.66,19.56,18.1094,18.37
CVNA,2022-10-19,17.57,17.69,14.55,14.99
CVNA,2022-10-20,14.9,15.74,14.25,14.48
CVNA,2022-10-21,14.23,15.1,13.67,14.25
CVNA,2022-10-24,14.07,14.07,12.9,13.38
CVNA,2022-10-25,13.59,15.5,13.535,15.28
CVNA,2022-10-26,14.77,16.42,14.71,15.1
CVNA,2022-10-27,15.05,15.8399,14.52,14.52
CVNA,2022-10-28,14.22,14.6999,13.61,14.49
CVNA,2022-10-31,14.56,15.09,13.51,13.53
CVNA,2022-11-01,15.26,16.07,14.941,15.28
CVNA,2022-11-02,15.22,15.24,13.46,13.47
CVNA,2022-11-03,13.31,14.63,12.74,14.35
CVNA,2022-11-04,13.04,13.5,8.37,8.76
CVNA,2022-11-07,8.77,8.88,6.68,7.39
CVNA,2022-11-08,7.43,7.61,6.5,7.36
CVNA,2022-11-09,7.73,8.38,7.26,7.59
CVNA,2022-11-10,8.41,10.42,8.41,9.99
CVNA,2022-11-11,9.11,11.9,8.92,11.88
CVNA,2022-11-14,11.56,11.6797,9.71,9.74
CVNA,2022-11-15,10.56,10.91,9.77,9.93
CVNA,2022-11-16,9.47,9.485,8.54,8.55
CVNA,2022-11-17,8.1,8.48,7.9,8.32
CVNA,2022-11-18,8.59,8.64,7.61,8.06
CVNA,2022-11-21,7.67,7.77,6.8604,7.05
CVNA,2022-11-22,7.03,7.28,6.7,6.8
CVNA,2022-11-23,7.32,8.23,7.03,8.12
CVNA,2022-11-25,7.93,8.28,7.71,7.97
CVNA,2022-11-28,7.8,8.13,7.41,7.47
CVNA,2022-11-29,7.6,7.82,7.32,7.34
CVNA,2022-11-30,7.01,7.74,6.79,7.71
CVNA,2022-12-01,7.74,8.62,7.59,8.13
CVNA,2022-12-02,7.8,8.18,7.47,8.07
CVNA,2022-12-05,7.97,8.1499,7.09,7.1
CVNA,2022-12-06,7.17,7.19,6.5,6.71
CVNA,2022-12-07,4.44,4.88,3.55,3.83
CVNA,2022-12-08,4.02,5.24,3.87,4.96
CVNA,2022-12-09,4.55,5.94,4.42,5.05
CVNA,2022-12-12,5.12,5.1899,4.67,4.95
CVNA,2022-12-13,5.59,5.65,4.61,4.83
CVNA,2022-12-14,4.74,5.59,4.74,5.26
CVNA,2022-12-15,5.1,5.88,5.06,5.47
CVNA,2022-12-16,5.3,5.51,4.89,5.03
CVNA,2022-12-19,5.0,5.0,4.2,4.42
CVNA,2022-12-20,4.3,4.44,4.06,4.16
CVNA,2022-12-21,4.07,4.535,4.02,4.32
CVNA,2022-12-22,4.22,4.26,3.7615,4.13
CVNA,2022-12-23,4.08,4.205,3.94,4.05
CVNA,2022-12-27,3.94,4.02,3.6949,3.72
CVNA,2022-12-28,3.69,3.95,3.62,3.83
CVNA,2022-12-29,3.84,4.52,3.82,4.45
CVNA,2022-12-30,4.33,4.75,4.315,4.74
CVNA,2023-01-03,4.81,4.88,4.42,4.63
CVNA,2023-01-04,4.66,5.0977,4.555,5.04
CVNA,2023-01-05,4.87,4.92,4.51,4.55
CVNA,2023-01-06,4.59,4.59,4.23,4.41
CVNA,2023-01-09,4.47,4.79,4.39,4.44
CVNA,2023-01-10,4.38,4.655,4.35,4.42
CVNA,2023-01-11,4.48,5.83,4.47,5.5
CVNA,2023-01-12,5.63,8.1,5.16,8.03
CVNA,2023-01-13,7.42,8.44,6.49,7.02
CVNA,2023-01-17,7.21,8.21,6.83,7.31
CVNA,2023-01-18,7.68,8.3,6.8919,6.98
CVNA,2023-01-19,6.75,6.799,6.042,6.38
CVNA,2023-01-20,6.495,6.55,6.06,6.49
CVNA,2023-01-23,6.63,7.39,6.49,7.18
CVNA,2023-01-24,7.08,7.56,6.62,6.64
CVNA,2023-01-25,6.41,6.695,6.08,6.43
CVNA,2023-01-26,6.81,7.15,6.15,6.5
CVNA,2023-01-27,6.4,8.09,6.33,7.77
CVNA,2023-01-30,8.35,10.866,8.112,10.0
CVNA,2023-01-31,11.08,11.18,9.135,10.17
CVNA,2023-02-01,10.1,14.35,9.85,13.56
CVNA,2023-02-02,17.43,19.874,13.41,14.25
CVNA,2023-02-03,12.95,16.21,12.95,14.45
CVNA,2023-02-06,13.96,14.5899,13.02,13.43
CVNA,2023-02-07,13.36,13.79,12.1,13.19
CVNA,2023-02-08,13.0,16.77,12.77,14.01
CVNA,2023-02-09,15.0,15.4,11.8,11.95
CVNA,2023-02-10,11.665,12.24,10.61,10.84
CVNA,2023-02-13,10.66,11.36,10.17,11.02
CVNA,2023-02-14,10.68,11.7499,10.06,10.72
CVNA,2023-02-15,10.545,12.805,10.5203,12.69
CVNA,2023-02-16,11.73,12.3889,10.91,10.92
CVNA,2023-02-17,11.28,11.9,10.88,11.37
CVNA,2023-02-21,11.12,11.76,9.9,10.06
CVNA,2023-02-22,10.31,10.815,9.5601,10.07
CVNA,2023-02-23,10.4,10.42,9.34,10.08
CVNA,2023-02-24,8.89,9.05,7.55,8.01
CVNA,2023-02-27,8.13,8.98,7.85,8.93
CVNA,2023-02-28,8.68,9.91,8.6502,9.42
CVNA,2023-03-01,9.5,9.57,8.69,8.91
CVNA,2023-03-02,8.58,9.73,8.42,9.47
CVNA,2023-03-03,9.41,10.25,9.3201,10.09
CVNA,2023-03-06,10.13,10.38,9.0901,9.11
CVNA,2023-03-07,9.18,9.5592,8.78,8.88
CVNA,2023-03-08,8.9,9.22,8.62,8.85
CVNA,2023-03-09,8.7,9.31,8.32,8.44
CVNA,2023-03-10,8.35,8.4,7.17,7.31
CVNA,2023-03-13,7.02,7.61,6.86,7.48
CVNA,2023-03-14,7.73,8.0,6.61,6.83
CVNA,2023-03-15,6.7,7.1774,6.45,7.05
CVNA,2023-03-16,6.92,7.585,6.63,7.41
CVNA,2023-03-17,7.21,7.9,7.02,7.65
CVNA,2023-03-20,7.43,7.82,6.87,7.07
CVNA,2023-03-21,7.19,8.09,7.18,7.93
CVNA,2023-03-22,10.15,10.25,8.4,8.43
CVNA,2023-03-23,8.63,9.47,7.87,8.35
CVNA,2023-03-24,8.18,8.47,7.95,8.19
CVNA,2023-03-27,8.35,8.445,7.57,7.62
CVNA,2023-03-28,7.57,7.73,7.21,7.36
CVNA,2023-03-29,7.47,7.9,7.3616,7.87
CVNA,2023-03-30,8.08,9.0,8.0748,8.83
CVNA,2023-03-31,8.9,9.79,8.77,9.79
CVNA,2023-04-03,9.64,10.16,9.085,9.29
CVNA,2023-04-04,9.44,9.72,8.93,9.5
CVNA,2023-04-05,9.38,9.38,8.39,8.5
CVNA,2023-04-06,8.37,9.03,8.16,9.01
CVNA,2023-04-10,9.0,9.35,8.62,9.31
CVNA,2023-04-11,9.79,10.85,9.6,9.76
CVNA,2023-04-12,10.13,10.32,8.79,9.24
CVNA,2023-04-13,9.27,9.77,9.201,9.37
CVNA,2023-04-14,9.47,9.8,8.68,8.97
CVNA,2023-04-17,8.91,9.2192,8.68,9.06
CVNA,2023-04-18,9.22,9.285,8.76,8.8
CVNA,2023-04-19,8.6,8.8426,8.295,8.63
CVNA,2023-04-20,8.3,8.51,7.91,8.0
CVNA,2023-04-21,7.97,8.29,7.73,8.14
CVNA,2023-04-24,8.1,8.695,8.0001,8.37
CVNA,2023-04-25,8.33,8.47,7.45,7.55
CVNA,2023-04-26,7.74,7.85,7.43,7.52
CVNA,2023-04-27,7.56,7.63,7.23,7.34
CVNA,2023-04-28,7.22,7.46,6.855,6.94
CVNA,2023-05-01,7.29,7.5,6.7,6.93
CVNA,2023-05-02,6.79,7.34,6.7,7.22
CVNA,2023-05-03,7.12,7.51,7.0098,7.07
CVNA,2023-05-04,7.1,7.43,6.92,7.2
CVNA,2023-05-05,10.03,11.19,8.76,8.96
CVNA,2023-05-08,9.11,11.7,8.86,11.3
CVNA,2023-05-09,10.84,13.28,10.65,11.85
CVNA,2023-05-10,12.15,13.7,11.83,13.15
CVNA,2023-05-11,12.99,13.25,11.64,11.96
CVNA,2023-05-12,11.87,11.87,10.23,10.5
CVNA,2023-05-15,10.425,11.595,10.16,11.58
CVNA,2023-05-16,11.41,11.4899,10.6,10.6
CVNA,2023-05-17,10.8,11.86,10.2,11.8
CVNA,2023-05-18,11.66,12.65,11.55,11.96
CVNA,2023-05-19,11.895,12.41,10.27,10.74
CVNA,2023-05-22,10.765,11.74,10.335,11.47
CVNA,2023-05-23,11.58,13.13,11.42,11.91
CVNA,2023-05-24,11.76,12.03,10.88,11.53
CVNA,2023-05-25,12.1,12.1,10.675,10.94
CVNA,2023-05-26,10.89,11.97,10.7,11.74
CVNA,2023-05-30,12.41,14.07,12.23,13.72
CVNA,2023-05-31,13.21,13.25,12.0615,12.92
CVNA,2023-06-01,13.8,16.93,13.16,15.8
CVNA,2023-06-02,14.98,16.23,14.53,15.68
CVNA,2023-06-05,15.8,16.1877,14.89,15.0
CVNA,2023-06-06,14.75,15.25,14.32,14.78
CVNA,2023-06-07,15.31,16.48,15.05,15.53
CVNA,2023-06-08,18.82,26.09,17.63,24.23
CVNA,2023-06-09,25.49,27.33,18.7,19.07
CVNA,2023-06-12,18.5,21.97,18.46,21.26
CVNA,2023-06-13,22.12,24.18,21.07,23.51
CVNA,2023-06-14,23.08,24.6,22.52,23.4
CVNA,2023-06-15,22.73,27.54,22.22,26.38
CVNA,2023-06-16,27.25,28.52,24.43,25.32
CVNA,2023-06-20,24.935,26.8572,23.1125,23.52
CVNA,2023-06-21,23.74,25.225,22.61,24.17
CVNA,2023-06-22,23.79,25.97,23.07,25.54
CVNA,2023-06-23,24.99,25.87,21.4,21.41
CVNA,2023-06-26,21.64,22.33,20.6,20.91
CVNA,2023-06-27,21.85,24.51,21.15,24.3
CVNA,2023-06-28,23.72,28.395,23.66,28.03
CVNA,2023-06-29,29.01,29.13,24.66,25.74
CVNA,2023-06-30,26.78,27.45,25.15,25.92
CVNA,2023-07-03,25.9,26.35,25.2,25.8
CVNA,2023-07-05,26.49,26.82,24.45,25.85
CVNA,2023-07-06,25.3,25.68,23.43,24.32
CVNA,2023-07-07,24.85,29.81,24.68,29.45
CVNA,2023-07-10,29.36,34.59,28.12,34.27
CVNA,2023-07-11,34.41,37.58,32.82,35.57
CVNA,2023-07-12,37.39,44.64,35.5931,38.89
CVNA,2023-07-13,35.67,39.43,34.6,37.68
CVNA,2023-07-14,36.89,41.28,35.5705,37.7
CVNA,2023-07-17,37.77,39.9,36.19,36.53
CVNA,2023-07-18,36.6,42.27,36.32,39.8
CVNA,2023-07-19,53.99,56.92,47.1,55.8
CVNA,2023-07-20,53.37,57.19,45.1,46.73
CVNA,2023-07-21,47.14,49.25,43.64,45.62
CVNA,2023-07-24,45.8,47.73,43.01,46.24
CVNA,2023-07-25,46.35,48.4,43.91,44.11
CVNA,2023-07-26,44.5,45.58,42.6,43.75
CVNA,2023-07-27,43.65,44.34,39.7,40.46
CVNA,2023-07-28,42.54,45.6,40.8743,44.02
CVNA,2023-07-31,42.99,46.3,42.5301,45.95
CVNA,2023-08-01,44.66,49.8,44.0,49.11
CVNA,2023-08-02,48.15,51.88,46.65,51.85
CVNA,2023-08-03,51.09,53.31,49.4,51.79
CVNA,2023-08-04,52.25,53.11,45.15,45.44
CVNA,2023-08-07,46.28,46.43,42.6,44.81
CVNA,2023-08-08,44.06,44.47,42.59,44.01
CVNA,2023-08-09,47.51,47.97,41.41,41.44
CVNA,2023-08-10,41.86,43.74,38.39,39.46
CVNA,2023-08-11,38.53,42.2,38.2,41.1
CVNA,2023-08-14,39.95,41.68,38.55,41.09
CVNA,2023-08-15,40.785,41.7,38.705,39.32
CVNA,2023-08-16,38.92,39.78,37.8,38.06
CVNA,2023-08-17,37.9,38.3988,36.42,37.24
CVNA,2023-08-18,36.79,39.85,36.6,39.21
CVNA,2023-08-21,39.42,40.98,38.24,40.34
CVNA,2023-08-22,41.0,41.4,37.0,38.37
CVNA,2023-08-23,37.76,41.0,37.53,40.28
CVNA,2023-08-24,40.47,40.8351,36.8,37.76
CVNA,2023-08-25,37.85,41.6,37.85,41.2
CVNA,2023-08-28,41.79,45.73,41.3,45.37
CVNA,2023-08-29,44.47,47.8699,43.58,47.4
CVNA,2023-08-30,47.57,51.0699,46.25,49.71
CVNA,2023-08-31,49.88,51.44,48.0801,50.35
CVNA,2023-09-01,50.56,52.62,49.6813,50.85
CVNA,2023-09-05,49.84,51.0651,48.47,49.84
CVNA,2023-09-06,49.48,51.68,48.88,50.51
CVNA,2023-09-07,49.28,49.28,47.02,47.63
CVNA,2023-09-08,47.48,48.14,46.02,46.96
CVNA,2023-09-11,47.33,51.69,46.8901,50.81
CVNA,2023-09-12,49.95,53.77,49.4049,50.8
CVNA,2023-09-13,50.09,51.1286,48.33,49.23
CVNA,2023-09-14,49.47,56.8,49.44,55.86
CVNA,2023-09-15,55.56,56.4,51.12,52.2
CVNA,2023-09-18,52.66,55.14,50.7,51.95
CVNA,2023-09-19,52.28,53.07,46.01,47.5
CVNA,2023-09-20,47.88,49.1397,43.62,43.71
CVNA,2023-09-21,43.875,44.5,41.9,42.9
CVNA,2023-09-22,43.885,45.37,41.97,41.99
CVNA,2023-09-25,41.28,42.65,39.78,40.25
CVNA,2023-09-26,39.3,40.8,38.73,39.53
CVNA,2023-09-27,40.325,41.78,39.89,40.83
CVNA,2023-09-28,38.315,41.7212,38.26,41.24
CVNA,2023-09-29,42.49,42.84,40.94,41.98
CVNA,2023-10-02,41.5,42.41,38.32,39.25
CVNA,2023-10-03,38.7,39.42,36.67,38.21
CVNA,2023-10-04,38.48,38.94,37.07,37.63
CVNA,2023-10-05,37.66,37.84,34.71,35.74
CVNA,2023-10-06,34.87,38.2775,34.541,37.65
CVNA,2023-10-09,36.76,39.22,36.27,38.87
CVNA,2023-10-10,39.21,41.01,38.25,39.04
CVNA,2023-10-11,39.46,39.9824,36.92,37.87
CVNA,2023-10-12,36.23,36.542,32.92,33.87
CVNA,2023-10-13,34.01,35.07,33.2201,33.87
CVNA,2023-10-16,34.12,35.165,32.69,34.61
CVNA,2023-10-17,33.99,35.55,33.75,34.49
CVNA,2023-10-18,33.77,34.21,31.68,32.46
CVNA,2023-10-19,32.49,33.185,31.32,31.59
CVNA,2023-10-20,31.45,32.09,30.78,31.07
CVNA,2023-10-23,30.5,32.6465,29.9,31.75
CVNA,2023-10-24,31.99,33.38,31.35,31.68
CVNA,2023-10-25,31.27,31.32,29.02,29.47
CVNA,2023-10-26,29.4,30.4,28.61,29.1
CVNA,2023-10-27,29.63,29.825,27.87,28.58
CVNA,2023-10-30,28.97,29.01,27.42,27.52
CVNA,2023-10-31,27.8,27.83,26.91,27.0
CVNA,2023-11-01,26.51,26.54,25.09,25.99
CVNA,2023-11-02,28.33,30.58,28.11,29.92
CVNA,2023-11-03,28.7,35.0,28.29,32.28
CVNA,2023-11-06,32.99,33.65,31.04,33.23
CVNA,2023-11-07,33.03,34.48,31.45,34.17
CVNA,2023-11-08,34.0,34.87,33.0109,33.99
CVNA,2023-11-09,34.4,34.54,29.89,30.44
CVNA,2023-11-10,30.7,30.72,28.0616,29.19
CVNA,2023-11-13,28.89,29.6485,27.75,28.64
CVNA,2023-11-14,31.38,34.04,30.82,33.21
CVNA,2023-11-15,33.6,36.47,33.02,34.16
CVNA,2023-11-16,33.32,33.69,31.02,32.36
CVNA,2023-11-17,31.98,32.79,31.06,32.03
CVNA,2023-11-20,32.3,33.6999,31.9501,33.12
CVNA,2023-11-21,32.11,32.989,30.6,31.18
CVNA,2023-11-22,31.64,32.0,30.94,31.35
CVNA,2023-11-24,31.22,31.74,30.43,31.41
CVNA,2023-11-27,31.19,31.9184,30.31,30.93
CVNA,2023-11-28,30.74,31.78,29.91,31.62
CVNA,2023-11-29,32.67,35.72,31.96,32.01
CVNA,2023-11-30,32.52,32.55,30.92,31.32
CVNA,2023-12-01,31.02,35.98,29.84,35.2
CVNA,2023-12-04,38.36,42.12,37.52,40.07
CVNA,2023-12-05,38.76,40.39,37.34,38.76
CVNA,2023-12-06,39.66,40.449,36.7,37.38
CVNA,2023-12-07,37.19,38.66,36.53,37.9
CVNA,2023-12-08,37.88,41.3397,37.67,40.26
CVNA,2023-12-11,39.94,40.98,38.611,39.83
CVNA,2023-12-12,40.44,41.96,37.47,39.5
CVNA,2023-12-13,39.6,45.45,38.41,45.07
CVNA,2023-12-14,45.61,54.35,45.61,50.62
CVNA,2023-12-15,50.99,52.68,49.5606,51.4
CVNA,2023-12-18,51.0,55.87,49.9,55.68
CVNA,2023-12-19,58.17,61.61,57.5108,59.8
CVNA,2023-12-20,59.11,62.5899,55.42,55.45
CVNA,2023-12-21,58.65,59.63,55.76,58.21
CVNA,2023-12-22,59.12,60.4941,54.73,54.74
CVNA,2023-12-26,55.64,55.9,52.12,53.56
CVNA,2023-12-27,54.2,55.7395,52.15,54.39
CVNA,2023-12-28,53.53,56.5999,53.25,54.91
CVNA,2023-12-29,54.66,55.4597,52.44,52.94
CVNA,2024-01-02,51.61,51.619,48.11,48.87
CVNA,2024-01-03,46.5,47.9773,45.6,46.69
CVNA,2024-01-04,46.2,47.47,45.23,46.59
CVNA,2024-01-05,45.17,48.37,44.5,46.87
CVNA,2024-01-08,46.74,49.03,46.31,48.33
CVNA,2024-01-09,47.01,48.74,46.35,47.16
CVNA,2024-01-10,46.73,47.28,44.64,46.74
CVNA,2024-01-11,45.75,46.7,43.29,46.04
CVNA,2024-01-12,45.66,46.73,42.71,42.78
CVNA,2024-01-16,41.65,43.2,41.21,42.29
CVNA,2024-01-17,40.75,42.31,40.7,42.21
CVNA,2024-01-18,43.0,43.17,41.62,42.84
CVNA,2024-01-19,43.1,45.43,41.91,44.92
CVNA,2024-01-22,46.31,50.2,46.3,48.35
CVNA,2024-01-23,49.11,49.22,45.17,45.54
CVNA,2024-01-24,47.06,47.16,42.02,42.03
CVNA,2024-01-25,42.61,43.2,40.85,41.0
CVNA,2024-01-26,41.72,42.77,40.621,41.8
CVNA,2024-01-29,41.9,45.057,41.3019,44.92
CVNA,2024-01-30,44.25,45.5,43.75,44.14
CVNA,2024-01-31,43.495,46.69,42.76,43.06
CVNA,2024-02-01,43.48,44.16,40.2092,42.53
CVNA,2024-02-02,40.91,44.4398,40.44,43.45
CVNA,2024-02-05,42.16,43.994,41.75,43.8
CVNA,2024-02-06,44.46,48.26,43.87,48.19
CVNA,2024-02-07,48.71,48.9299,46.38,48.09
CVNA,2024-02-08,48.32,52.56,47.54,52.39
CVNA,2024-02-09,53.1,53.84,50.53,53.13
CVNA,2024-02-12,53.68,57.58,53.5,55.28
CVNA,2024-02-13,51.69,53.4,50.15,51.97
CVNA,2024-02-14,53.19,54.78,52.71,54.16
CVNA,2024-02-15,54.42,57.89,53.48,57.62
CVNA,2024-02-16,55.17,55.4875,51.94,52.48
CVNA,2024-02-20,51.0,52.27,49.1,51.81
CVNA,2024-02-21,50.79,52.045,48.15,49.4
CVNA,2024-02-22,49.74,53.33,49.3801,52.41
CVNA,2024-02-23,67.835,76.33,66.45,69.23
CVNA,2024-02-26,66.97,75.75,66.97,69.88
CVNA,2024-02-27,72.025,83.3699,72.025,80.42
CVNA,2024-02-28,78.7,82.2013,74.83,75.47
CVNA,2024-02-29,78.21,79.4,74.54,75.93
CVNA,2024-03-01,76.647,83.7825,75.41,82.96
CVNA,2024-03-04,80.945,84.59,80.17,81.54
CVNA,2024-03-05,80.61,81.26,75.8,77.33
CVNA,2024-03-06,79.15,81.07,77.5,77.81
CVNA,2024-03-07,78.305,81.4714,76.66,79.47
CVNA,2024-03-08,86.15,90.48,82.5,85.3
CVNA,2024-03-11,84.285,84.64,77.97,78.1
CVNA,2024-03-12,80.47,80.96,75.34,76.28
CVNA,2024-03-13,76.39,80.73,76.39,79.67
CVNA,2024-03-14,78.55,79.71,75.56,76.68
CVNA,2024-03-15,75.91,82.27,74.42,79.58
CVNA,2024-03-18,80.14,83.06,78.64,80.79
CVNA,2024-03-19,78.585,80.6,76.1196,78.88
CVNA,2024-03-20,80.21,86.45,79.52,86.42
CVNA,2024-03-21,86.06,89.96,85.765,87.71
CVNA,2024-03-22,87.02,87.71,84.4,85.94
CVNA,2024-03-25,86.89,91.598,86.89,88.41
CVNA,2024-03-26,90.71,94.04,88.96,90.81
CVNA,2024-03-27,91.65,93.1,88.55,90.31
CVNA,2024-03-28,90.46,92.01,85.7866,87.91
CVNA,2024-04-01,87.58,87.82,85.05,86.79
CVNA,2024-04-02,84.32,85.16,81.43,82.87
CVNA,2024-04-03,81.56,84.31,80.8154,82.4
CVNA,2024-04-04,84.0,86.57,82.0,82.44
CVNA,2024-04-05,81.32,84.6,80.91,83.84
CVNA,2024-04-08,85.72,86.86,82.64,82.67
CVNA,2024-04-09,83.84,84.55,80.48,83.68
CVNA,2024-04-10,80.05,83.28,78.65,80.52
CVNA,2024-04-11,79.91,81.48,76.92,80.44
CVNA,2024-04-12,78.65,79.09,74.26,74.99
CVNA,2024-04-15,74.72,75.2,69.12,69.83
CVNA,2024-04-16,68.92,71.3392,68.3694,70.64
CVNA,2024-04-17,72.2,73.39,67.95,69.16
CVNA,2024-04-18,71.75,73.25,69.25,71.15
CVNA,2024-04-19,69.58,72.07,69.47,71.38
CVNA,2024-04-22,72.4,72.99,67.61,71.44
CVNA,2024-04-23,72.79,77.53,72.06,75.62
CVNA,2024-04-24,76.0,77.98,74.88,75.35
CVNA,2024-04-25,71.5,77.53,71.39,77.5
CVNA,2024-04-26,77.95,84.51,77.0,84.31
CVNA,2024-04-29,85.76,88.48,83.35,83.76
CVNA,2024-04-30,82.0,83.63,80.07,82.92
CVNA,2024-05-01,82.58,91.12,82.0,87.09
CVNA,2024-05-02,119.95,122.3,111.45,116.5
CVNA,2024-05-03,119.2,124.2,115.79,121.67
CVNA,2024-05-06,124.3,129.0,122.64,122.97
CVNA,2024-05-07,122.6,124.27,116.4,116.66
CVNA,2024-05-08,114.91,116.4,112.62,114.42
CVNA,2024-05-09,115.25,121.22,112.7,120.41
CVNA,2024-05-10,119.8,120.06,115.262,117.0
CVNA,2024-05-13,119.6,122.93,116.638,116.9
CVNA,2024-05-14,121.54,124.62,118.37,120.95
CVNA,2024-05-15,123.12,123.51,117.735,121.07
CVNA,2024-05-16,120.36,123.44,117.29,117.93
CVNA,2024-05-17,117.83,118.932,115.48,117.5
CVNA,2024-05-20,116.4,120.92,114.88,117.5
CVNA,2024-05-21,116.67,117.71,113.68,115.03
CVNA,2024-05-22,115.98,118.43,114.423,115.72
CVNA,2024-05-23,116.0,116.65,108.66,109.91
CVNA,2024-05-24,111.91,112.79,108.57,109.15
CVNA,2024-05-28,110.75,111.01,103.31,104.59
CVNA,2024-05-29,103.0,107.27,101.54,105.05
CVNA,2024-05-30,105.49,107.665,101.68,102.39
CVNA,2024-05-31,103.04,103.3,98.075,99.98
CVNA,2024-06-03,103.28,104.0,97.551,98.96
CVNA,2024-06-04,98.8,101.49,97.92,101.1
CVNA,2024-06-05,101.5,105.19,100.6,103.04
CVNA,2024-06-06,107.73,109.89,103.27,104.67
CVNA,2024-06-07,103.2,110.94,102.61,106.56
CVNA,2024-06-10,106.55,110.66,105.56,108.05
CVNA,2024-06-11,105.86,106.57,101.14,104.12
CVNA,2024-06-12,107.99,115.0,107.07,111.07
CVNA,2024-06-13,111.01,111.01,105.27,106.74
CVNA,2024-06-14,105.55,105.55,101.279,103.06
CVNA,2024-06-17,101.91,109.75,100.05,108.94
CVNA,2024-06-18,107.8,111.75,107.55,110.78
CVNA,2024-06-20,109.99,113.43,106.32,109.85
CVNA,2024-06-21,109.85,112.99,107.75,112.99
CVNA,2024-06-24,113.09,120.84,111.55,119.5
CVNA,2024-06-25,118.45,129.41,116.85,128.58
CVNA,2024-06-26,126.55,131.41,124.12,126.6
CVNA,2024-06-27,126.975,134.68,124.18,132.88
CVNA,2024-06-28,133.425,136.92,124.11,128.72
CVNA,2024-07-01,128.99,129.49,121.01,124.35
CVNA,2024-07-02,125.0,128.36,121.47,127.53
CVNA,2024-07-03,127.1,129.08,125.6,127.84
CVNA,2024-07-05,126.95,128.465,124.02,128.06
CVNA,2024-07-08,129.06,129.99,120.05,122.31
CVNA,2024-07-09,122.3,125.87,120.759,125.69
CVNA,2024-07-10,131.5,136.55,126.61,130.97
CVNA,2024-07-11,133.205,136.07,127.7,129.93
CVNA,2024-07-12,131.23,140.91,130.32,136.24
CVNA,2024-07-15,137.22,144.29,136.75,142.09
CVNA,2024-07-16,143.385,147.25,140.682,145.03
CVNA,2024-07-17,139.425,142.88,132.12,133.75
CVNA,2024-07-18,135.29,137.41,128.21,129.18
CVNA,2024-07-19,129.7,136.126,128.79,130.02
CVNA,2024-07-22,133.42,135.26,127.205,128.89
CVNA,2024-07-23,127.095,130.6,124.29,129.11
CVNA,2024-07-24,125.78,128.1,122.87,123.42
CVNA,2024-07-25,123.71,131.88,122.14,124.1
CVNA,2024-07-26,127.5,136.45,127.5,132.85
CVNA,2024-07-29,133.92,136.228,124.75,127.61
CVNA,2024-07-30,128.0,133.63,123.04,126.78
CVNA,2024-07-31,131.4,137.92,128.8,133.23
CVNA,2024-08-01,147.34,154.0,138.777,146.52
CVNA,2024-08-02,139.81,142.8,134.63,137.2
CVNA,2024-08-05,119.865,138.55,118.5,135.34
CVNA,2024-08-06,138.01,141.02,132.01,138.95
CVNA,2024-08-07,140.59,140.59,127.86,128.64
CVNA,2024-08-08,130.48,134.885,129.0,133.34
CVNA,2024-08-09,133.9,138.15,131.28,135.92
CVNA,2024-08-12,136.05,136.66,132.6,133.48
CVNA,2024-08-13,135.93,146.49,135.505,146.49
CVNA,2024-08-14,144.52,147.31,141.67,142.0
CVNA,2024-08-15,146.385,152.87,142.63,151.56
CVNA,2024-08-16,149.36,156.18,148.69,155.93
CVNA,2024-08-19,155.95,156.467,152.24,155.75
CVNA,2024-08-20,156.41,156.8,151.13,154.18
CVNA,2024-08-21,154.97,157.618,154.05,156.77
CVNA,2024-08-22,155.58,159.17,151.97,153.02
CVNA,2024-08-23,154.54,159.85,152.0,159.78
CVNA,2024-08-26,158.43,158.5,154.5,157.99
CVNA,2024-08-27,156.65,159.59,154.35,158.74
CVNA,2024-08-28,157.72,158.88,152.84,154.31
CVNA,2024-08-29,156.0,156.712,149.001,150.08
CVNA,2024-08-30,151.19,152.33,146.865,150.61
CVNA,2024-09-03,149.12,149.85,142.87,144.52
CVNA,2024-09-04,145.0,147.951,142.7,144.74
CVNA,2024-09-05,144.18,145.25,139.14,141.14
CVNA,2024-09-06,141.5,142.913,132.12,133.45
CVNA,2024-09-09,136.41,138.4,133.8,135.48
CVNA,2024-09-10,134.97,135.39,124.39,130.72
CVNA,2024-09-11,129.42,133.89,126.59,133.54
CVNA,2024-09-12,136.7,141.53,133.58,140.52
CVNA,2024-09-13,141.79,144.44,140.23,141.9
CVNA,2024-09-16,143.15,153.56,143.03,152.9
CVNA,2024-09-17,154.97,158.3,151.6,156.58
CVNA,2024-09-18,157.35,167.75,157.265,161.63
CVNA,2024-09-19,167.25,171.667,165.11,170.74
CVNA,2024-09-20,169.61,176.33,167.8,173.85
CVNA,2024-09-23,170.5,176.2,167.12,175.15
CVNA,2024-09-24,172.89,173.87,169.09,172.7
CVNA,2024-09-25,171.76,173.45,168.72,169.65
CVNA,2024-09-26,169.02,171.37,165.915,171.21
CVNA,2024-09-27,171.12,172.57,168.1,169.78
CVNA,2024-09-30,167.9,175.0,165.99,174.11
CVNA,2024-10-01,174.31,178.4,172.12,175.8
CVNA,2024-10-02,173.7,177.61,171.82,176.95
CVNA,2024-10-03,175.88,179.88,174.03,176.64
CVNA,2024-10-04,179.8,182.48,176.61,180.17
CVNA,2024-10-07,179.0,183.41,177.65,179.73
CVNA,2024-10-08,182.13,191.0,181.79,190.99
CVNA,2024-10-09,193.24,193.49,188.4,190.07
CVNA,2024-10-10,188.75,193.18,187.73,191.57
CVNA,2024-10-11,189.28,194.75,188.75,192.25
CVNA,2024-10-14,193.58,194.17,187.77,189.09
CVNA,2024-10-15,189.0,194.574,188.67,192.02
CVNA,2024-10-16,192.88,195.17,189.51,193.4
CVNA,2024-10-17,194.31,196.36,189.795,191.92
CVNA,2024-10-18,191.17,193.84,188.29,191.31
CVNA,2024-10-21,191.2,193.49,188.883,191.49
CVNA,2024-10-22,190.42,198.09,189.5,197.35
CVNA,2024-10-23,197.77,200.5,194.14,197.34
CVNA,2024-10-24,198.88,203.24,196.33,200.22
CVNA,2024-10-25,200.0,203.72,197.57,202.53
CVNA,2024-10-28,205.29,208.3,204.15,205.02
CVNA,2024-10-29,204.58,209.24,202.7,208.74
CVNA,2024-10-30,210.375,213.98,207.2,207.31
CVNA,2024-10-31,239.35,259.39,233.28,247.31
CVNA,2024-11-01,247.31,248.5,228.05,229.08
CVNA,2024-11-04,226.49,229.18,219.71,226.08
CVNA,2024-11-05,231.53,236.36,229.07,235.68
CVNA,2024-11-06,238.93,238.93,233.663,238.93
CVNA,2024-11-07,240.15,244.84,238.46,241.43
CVNA,2024-11-08,241.23,245.93,239.19,244.35
CVNA,2024-11-11,248.0,254.84,246.85,250.06
CVNA,2024-11-12,246.58,249.98,243.29,246.75
CVNA,2024-11-13,239.98,239.98,237.64,239.98
CVNA,2024-11-14,241.4,245.24,239.25,240.44
CVNA,2024-11-15,237.95,242.697,235.2,241.0
CVNA,2024-11-18,242.02,247.135,240.95,244.69
CVNA,2024-11-19,240.505,250.65,240.0,249.43
CVNA,2024-11-20,249.5,254.0,243.76,244.5
CVNA,2024-11-21,244.4,249.71,243.64,248.38
CVNA,2024-11-22,249.55,263.61,249.55,259.36
CVNA,2024-11-25,265.025,268.28,257.92,260.8
CVNA,2024-11-26,258.21,260.82,254.6,256.0
CVNA,2024-11-27,256.075,256.73,247.5,254.97
CVNA,2024-11-29,258.14,262.0,257.06,260.42
CVNA,2024-12-02,261.555,261.76,251.0,254.94
CVNA,2024-12-03,253.0,256.913,251.01,255.76
CVNA,2024-12-04,256.065,260.25,252.4,260.13
CVNA,2024-12-05,258.65,262.6,255.21,255.73
CVNA,2024-12-06,257.99,258.25,246.68,251.21
CVNA,2024-12-09,254.09,257.0,243.85,244.03
CVNA,2025-01-27,234.87,248.5,234.026,242.15
CVNA,2025-01-28,240.08,246.0,232.96,244.85
CVNA,2025-01-29,245.01,246.75,241.26,245.46
CVNA,2025-01-30,248.63,252.64,242.3,243.94
CVNA,2025-01-31,250.03,255.99,246.15,247.48
CVNA,2025-02-03,240.965,253.71,240.965,251.63
CVNA,2025-02-04,252.525,259.54,251.54,257.65
CVNA,2025-02-05,258.0,259.0,253.6,255.98
CVNA,2025-02-06,259.095,263.21,254.89,263.17
CVNA,2025-02-07,262.0,265.09,259.583,264.07
CVNA,2025-02-10,264.82,270.18,258.0,267.81
CVNA,2025-02-11,268.61,272.96,265.82,271.15
CVNA,2025-02-12,265.0,270.61,260.8,267.93
CVNA,2025-02-13,268.2,273.37,264.23,272.4
CVNA,2025-02-14,273.76,286.38,272.98,285.33
CVNA,2025-02-18,287.21,291.27,282.81,284.53
CVNA,2025-02-19,283.0,292.84,280.2,281.82
CVNA,2025-02-20,264.89,267.65,234.24,247.72
CVNA,2025-02-21,247.09,247.887,223.01,223.3
CVNA,2025-02-24,222.77,225.674,208.965,215.65
CVNA,2025-02-25,218.5,225.55,212.48,221.68
CVNA,2025-02-26,227.375,236.19,227.375,232.63
CVNA,2025-02-27,234.0,237.99,222.841,223.21
CVNA,2025-02-28,223.375,233.84,221.395,233.1
CVNA,2025-03-03,235.76,237.87,217.94,219.45
CVNA,2025-03-04,210.765,222.75,196.51,215.09
CVNA,2025-03-05,215.46,216.65,206.47,215.89
CVNA,2025-03-06,206.495,211.528,186.54,186.85
CVNA,2025-03-07,186.21,191.99,171.05,188.47
CVNA,2025-03-10,180.05,183.505,166.34,171.61
CVNA,2025-03-11,171.49,176.43,166.76,172.22
CVNA,2025-03-12,183.44,190.713,174.9,179.29
CVNA,2025-03-13,177.695,178.25,163.609,166.67
CVNA,2025-03-14,173.97,181.85,172.0,181.18
CVNA,2025-03-17,178.9,189.59,178.63,186.5
CVNA,2025-03-18,183.545,186.455,165.55,166.52
CVNA,2025-03-19,167.81,179.763,161.64,176.09
CVNA,2025-03-20,180.944,196.63,177.0,185.42
CVNA,2025-03-21,180.0,194.58,177.778,190.95
CVNA,2025-03-24,199.82,215.25,199.0,213.63
CVNA,2025-03-25,221.72,225.8,214.22,221.66
CVNA,2025-03-26,221.28,222.425,201.84,204.87
CVNA,2025-03-27,202.5,211.99,195.65,203.95
CVNA,2025-03-28,203.53,205.68,196.09,204.41
CVNA,2025-03-31,197.65,213.77,193.5,209.08
CVNA,2025-04-01,208.11,213.18,202.55,212.59
CVNA,2025-04-02,207.61,230.763,206.99,226.32
CVNA,2025-04-03,205.21,211.1,177.22,181.79
CVNA,2025-04-04,171.56,172.69,155.06,162.31
CVNA,2025-04-07,149.07,188.3,148.25,167.87
CVNA,2025-04-08,184.91,196.78,171.78,176.32
CVNA,2025-04-09,176.48,221.9,173.96,220.44
CVNA,2025-04-10,203.0,208.975,193.52,203.66
CVNA,2025-04-11,200.54,206.98,192.56,206.2
CVNA,2025-04-14,214.88,215.6,197.86,204.73
CVNA,2025-04-15,209.3,220.5,209.02,213.81
CVNA,2025-04-16,208.74,212.88,200.52,209.3
CVNA,2025-04-17,210.22,216.8,208.69,211.41
CVNA,2025-04-21,209.664,212.185,194.02,195.83
CVNA,2025-04-22,204.1,220.0,203.5,211.95
CVNA,2025-04-23,223.69,225.23,213.44,220.85
CVNA,2025-04-24,222.475,236.785,220.48,235.02
CVNA,2025-04-25,235.61,242.79,234.36,237.15
CVNA,2025-04-28,238.75,243.43,235.54,241.53
CVNA,2025-04-29,241.0,244.226,237.12,243.59
CVNA,2025-04-30,235.16,244.76,229.4,244.35
CVNA,2025-05-01,248.0,264.17,245.0,251.87
CVNA,2025-05-02,257.429,258.82,250.96,257.1
CVNA,2025-05-05,254.48,262.524,253.82,259.57
CVNA,2025-05-06,255.25,260.974,253.49,258.81
CVNA,2025-05-07,256.78,263.0,255.79,259.17
CVNA,2025-05-08,275.0,293.62,270.0,285.53
CVNA,2025-05-09,281.41,284.228,267.61,268.12
CVNA,2025-05-12,278.515,279.87,267.18,279.62
CVNA,2025-05-13,280.56,299.0,279.87,293.06
CVNA,2025-05-14,297.28,311.88,296.68,305.52
CVNA,2025-05-15,301.82,304.01,293.73,297.4
CVNA,2025-05-16,299.53,304.14,294.22,299.89
CVNA,2025-05-19,294.5,306.98,293.06,305.21
CVNA,2025-05-20,302.1,302.621,293.11,302.29
CVNA,2025-05-21,294.17,298.49,291.3,292.09
CVNA,2025-05-22,291.36,304.39,290.0,302.25
CVNA,2025-05-23,297.5,308.04,295.81,304.11
CVNA,2025-05-27,311.37,313.34,304.79,312.91
CVNA,2025-05-28,316.9,323.13,313.0,320.31
CVNA,2025-05-29,323.57,323.57,315.66,319.65
CVNA,2025-05-30,318.075,327.75,316.19,327.16
CVNA,2025-06-02,326.24,332.0,316.41,331.44
CVNA,2025-06-03,335.0,340.94,332.3,340.12
CVNA,2025-06-04,338.94,347.31,335.09,345.64
CVNA,2025-06-05,344.02,348.674,338.51,343.3
CVNA,2025-06-06,347.78,351.43,339.17,341.46
CVNA,2025-06-09,336.9,342.5,329.01,339.91
CVNA,2025-06-10,342.22,345.095,330.49,338.5
CVNA,2025-06-11,339.27,342.65,333.29,340.32
CVNA,2025-06-12,335.83,337.53,317.75,318.95
CVNA,2025-06-13,306.37,313.0,295.39,297.03
CVNA,2025-06-16,302.055,304.42,283.67,290.05
CVNA,2025-06-17,288.5,295.469,288.5,293.98
CVNA,2025-06-18,291.35,308.7,290.9,307.91
CVNA,2025-06-20,312.7,321.48,308.242,319.89
CVNA,2025-06-23,315.3,323.38,308.33,320.08
CVNA,2025-06-24,325.15,328.2,321.668,322.97
CVNA,2025-06-25,325.17,326.61,311.78,315.76
CVNA,2025-06-26,316.29,316.856,305.08,306.48
CVNA,2025-06-27,307.5,320.0,306.5,319.26
CVNA,2025-06-30,323.275,339.34,323.25,336.96
CVNA,2025-07-01,335.9,343.89,332.58,338.26
CVNA,2025-07-02,338.08,348.0,336.88,343.39
CVNA,2025-07-03,345.0,349.897,338.57,348.33
CVNA,2025-07-07,347.7,359.9,345.9,357.32
CVNA,2025-07-08,361.75,364.0,342.7,345.92
CVNA,2025-07-09,349.92,353.85,343.0,351.09
CVNA,2025-07-10,349.0,357.47,345.41,345.55
CVNA,2025-07-11,343.67,343.67,341.604,343.67
CVNA,2025-07-14,346.25,354.53,342.81,347.6
CVNA,2025-07-15,346.51,349.02,337.55,348.41
CVNA,2025-07-16,351.0,358.491,347.0,352.02
CVNA,2025-07-17,352.05,358.58,344.56,346.1
CVNA,2025-07-18,349.17,349.78,336.72,347.52
CVNA,2025-07-21,344.085,345.89,338.835,341.92
CVNA,2025-07-22,341.77,346.88,331.13,341.56
CVNA,2025-07-23,338.79,343.44,331.84,343.0
CVNA,2025-07-24,342.4,342.4,325.86,326.09
CVNA,2025-07-25,334.52,339.83,328.87,332.12
CVNA,2025-07-28,335.81,339.82,333.01,336.33
CVNA,2025-07-29,338.375,344.96,327.13,336.5
CVNA,2025-07-30,336.46,340.8,328.58,333.59
CVNA,2025-07-31,390.235,413.335,383.5,390.17
CVNA,2025-08-01,380.99,384.261,365.0,368.23
CVNA,2025-08-04,369.72,371.44,352.37,360.66
CVNA,2025-08-05,365.09,369.492,346.18,350.74
CVNA,2025-08-06,351.165,357.42,345.72,354.89
CVNA,2025-08-07,364.194,368.37,351.46,357.75
CVNA,2025-08-08,356.73,356.93,341.35,347.56
CVNA,2025-08-11,347.8,349.4,339.11,345.25
CVNA,2025-08-12,348.705,354.5,335.16,345.11
CVNA,2025-08-13,347.785,351.49,343.4,349.87
CVNA,2025-08-14,346.45,348.87,340.65,342.59
CVNA,2025-08-15,343.44,351.537,338.47,349.99
CVNA,2025-08-18,350.5,363.5,349.98,359.51
CVNA,2025-08-19,358.09,361.136,342.295,344.24
CVNA,2025-08-20,327.0,341.535,318.17,338.61
CVNA,2025-08-21,333.86,341.455,331.5,339.07
CVNA,2025-08-22,340.14,362.86,336.62,357.81
CVNA,2025-08-25,353.0,368.38,353.0,362.12
CVNA,2025-08-26,362.0,372.4,357.8,372.2
CVNA,2025-08-27,371.415,373.98,367.35,367.35
CVNA,2025-08-28,369.95,377.38,369.83,377.38
CVNA,2025-08-29,376.815,378.54,366.22,371.92
CVNA,2025-09-02,362.04,369.31,354.1,366.39
CVNA,2025-09-03,367.315,371.58,359.943,362.32
CVNA,2025-09-04,363.99,372.045,358.0,370.17
CVNA,2025-09-05,374.5,377.5,356.48,368.88
CVNA,2025-09-08,371.0,378.32,364.5,372.21
CVNA,2025-09-09,372.455,376.185,368.4,375.0
CVNA,2025-09-10,376.8,381.41,363.03,365.12
CVNA,2025-09-11,367.73,367.73,352.63,354.24
CVNA,2025-09-12,352.68,370.54,349.07,361.77
CVNA,2025-09-15,363.35,369.45,360.56,365.35
CVNA,2025-09-16,365.25,367.08,359.38,364.59
CVNA,2025-09-17,369.0,379.743,368.56,378.06
CVNA,2025-09-18,381.775,396.96,376.61,378.16
CVNA,2025-09-19,381.535,393.0,380.905,391.89
CVNA,2025-09-22,387.84,392.93,384.0,390.85
CVNA,2025-09-23,391.0,394.45,376.375,378.1
CVNA,2025-09-24,379.3,379.79,368.655,374.81
CVNA,2025-09-25,362.5,378.5,355.0,371.38
CVNA,2025-09-26,370.11,373.0,360.33,369.29
CVNA,2025-09-29,373.0,394.93,370.5,392.66
CVNA,2025-09-30,389.53,395.63,373.9,377.24
CVNA,2025-10-01,388.32,398.89,378.45,395.41
CVNA,2025-10-02,399.77,401.0,386.415,394.71
CVNA,2025-10-03,395.88,396.745,373.72,375.72
CVNA,2025-10-06,379.56,380.016,366.0,369.6
CVNA,2025-10-07,371.855,378.05,363.0,370.31
CVNA,2025-10-08,370.1,373.0,360.625,360.91
CVNA,2025-10-09,362.24,362.975,347.8,360.03
CVNA,2025-10-10,360.01,364.0,327.52,329.24
CVNA,2025-10-13,333.52,341.975,329.5,338.28
CVNA,2025-10-14,329.14,349.83,323.45,345.91
CVNA,2025-10-15,351.37,363.221,350.665,355.42
CVNA,2025-10-16,356.135,364.37,342.08,344.71
CVNA,2025-10-17,347.0,349.76,324.66,333.81
CVNA,2025-10-20,335.0,341.43,324.43,337.6
CVNA,2025-10-21,345.71,357.68,343.0175,355.87
CVNA,2025-10-22,349.46,350.0,310.0095,326.88
CVNA,2025-10-23,315.0,342.25,315.0,342.01
CVNA,2025-10-24,344.55,357.09,344.5,351.2
CVNA,2025-10-27,356.3,363.71,351.31,355.15
CVNA,2025-10-28,369.55,372.3112,359.768,362.2
CVNA,2025-10-29,359.94,369.56,350.1575,353.95
CVNA,2025-10-30,312.1,326.71,301.26,305.07
CVNA,2025-10-31,308.28,309.66,298.0801,306.54
CVNA,2025-11-03,306.64,334.75,302.42,332.33
CVNA,2025-11-04,322.9,326.4,309.67,309.79
CVNA,2025-11-05,308.05,327.21,307.122,309.68
CVNA,2025-11-06,306.89,310.255,288.03,290.14
CVNA,2025-11-07,285.63,305.72,285.025,303.99
CVNA,2025-11-10,307.46,326.18,307.46,322.28
CVNA,2025-11-11,325.35,330.0,318.47,326.88
CVNA,2025-11-12,329.79,345.24,327.16,328.19
CVNA,2025-11-13,326.07,328.56,313.4,318.54
CVNA,2025-11-14,309.71,330.43,305.0,318.31
CVNA,2025-11-17,316.0,334.36,312.0,323.12
CVNA,2025-11-18,319.0,326.49,309.105,317.22
CVNA,2025-11-19,321.75,332.28,319.48,329.75
CVNA,2025-11-20,335.805,340.79,309.3,313.25
CVNA,2025-11-21,318.54,327.0,308.5,309.88
CVNA,2025-11-24,320.625,335.89,319.992,330.9
CVNA,2025-11-25,332.0,351.45,326.6,351.23
CVNA,2025-11-26,354.47,364.2,350.19,357.33
CVNA,2025-11-28,361.5,375.77,357.5,374.5
CVNA,2025-12-01,371.52,382.5,369.5738,375.26
CVNA,2025-12-02,379.15,392.87,373.0,382.18
CVNA,2025-12-03,381.22,401.55,380.0,395.0
CVNA,2025-12-04,398.0,399.76,386.51,398.85
CVNA,2025-12-05,398.35,408.19,397.21,399.77
CVNA,2025-12-08,434.6,456.97,424.33,447.98
CVNA,2025-12-09,441.5,458.64,440.2,456.33
CVNA,2025-12-10,455.17,474.31,454.18,467.67
CVNA,2025-12-11,470.47,475.0,462.51,472.73
CVNA,2025-12-12,472.0,485.33,455.03,455.68
CVNA,2025-12-15,462.67,467.33,447.92,447.92
